[?2026h[?25l[1Gpulling manifest ⠋ [K[?25h[?2026l[?2026h[?25l[1Gpulling manifest ⠙ [K[?25h[?2026l[?2026h[?25l[1Gpulling manifest ⠹ [K[?25h[?2026l[?2026h[?25l[1Gpulling manifest ⠸ [K[?25h[?2026l[?2026h[?25l[1Gpulling manifest ⠼ [K[?25h[?2026l[?2026h[?25l[1Gpulling manifest ⠴ [K[?25h[?2026l[?2026h[?25l[1Gpulling manifest ⠦ [K[?25h[?2026l[?2026h[?25l[1Gpulling manifest ⠧ [K[?25h[?2026l[?2026h[?25l[1Gpulling manifest ⠇ [K[?25h[?2026l[?2026h[?25l[1Gpulling manifest ⠏ [K[?25h[?2026l[?2026h[?25l[1Gpulling manifest ⠋ [K[?25h[?2026l[?2026h[?25l[1Gpulling manifest ⠙ [K[?25h[?2026l[?2026h[?25l[1Gpulling manifest ⠹ [K[?25h[?2026l[?2026h[?25l[1Gpulling manifest [K
pulling 60e05f210007:   0% ▕                  ▏ 467 KB/4.7 GB                  [K[?25h[?2026l[?2026h[?25l[A[1Gpulling manifest [K
pulling 60e05f210007:   0% ▕                  ▏ 957 KB/4.7 GB                  [K[?25h[?2026l[?2026h[?25l[A[1Gpulling manifest [K
pulling 60e05f210007:   0% ▕                  ▏ 1.1 MB/4.7 GB                  [K[?25h[?2026l[?2026h[?25l[A[1Gpulling manifest [K
pulling 60e05f210007:   0% ▕                  ▏ 1.4 MB/4.7 GB                  [K[?25h[?2026l[?2026h[?25l[A[1Gpulling manifest [K
pulling 60e05f210007:   0% ▕                  ▏ 2.1 MB/4.7 GB                  [K[?25h[?2026l[?2026h[?25l[A[1Gpulling manifest [K
pulling 60e05f210007:   0% ▕                  ▏ 2.2 MB/4.7 GB                  [K[?25h[?2026l[?2026h[?25l[A[1Gpulling manifest [K
pulling 60e05f210007:   0% ▕                  ▏ 2.6 MB/4.7 GB                  [K[?25h[?2026l[?2026h[?25l[A[1Gpulling manifest [K
pulling 60e05f210007:   0% ▕                  ▏ 3.1 MB/4.7 GB                  [K[?25h[?2026l[?2026h[?25l[A[1Gpulling manifest [K
pulling 60e05f210007:   0% ▕                  ▏ 3.4 MB/4.7 GB                  [K[?25h[?2026l[?2026h[?25l[A[1Gpulling manifest [K
pulling 60e05f210007:   0% ▕                  ▏ 3.8 MB/4.7 GB                  [K[?25h[?2026l[?2026h[?25l[A[1Gpulling manifest [K
pulling 60e05f210007:   0% ▕                  ▏ 4.3 MB/4.7 GB  4.0 MB/s  19m43s[K[?25h[?2026l[?2026h[?25l[A[1Gpulling manifest [K
pulling 60e05f210007:   0% ▕                  ▏ 4.5 MB/4.7 GB  4.0 MB/s  19m43s[K[?25h[?2026l[?2026h[?25l[A[1Gpulling manifest [K
pulling 60e05f210007:   0% ▕                  ▏ 4.9 MB/4.7 GB  4.0 MB/s  19m43s[K[?25h[?2026l[?2026h[?25l[A[1Gpulling manifest [K
pulling 60e05f210007:   0% ▕                  ▏ 5.4 MB/4.7 GB  4.0 MB/s  19m43s[K[?25h[?2026l[?2026h[?25l[A[1Gpulling manifest [K
pulling 60e05f210007:   0% ▕                  ▏ 5.7 MB/4.7 GB  4.0 MB/s  19m43s[K[?25h[?2026l[?2026h[?25l[A[1Gpulling manifest [K
pulling 60e05f210007:   0% ▕                  ▏ 6.1 MB/4.7 GB  4.0 MB/s  19m42s[K[?25h[?2026l[?2026h[?25l[A[1Gpulling manifest [K
pulling 60e05f210007:   0% ▕                  ▏ 6.5 MB/4.7 GB  4.0 MB/s  19m42s[K[?25h[?2026l[?2026h[?25l[A[1Gpulling manifest [K
pulling 60e05f210007:   0% ▕                  ▏ 6.8 MB/4.7 GB  4.0 MB/s  19m42s[K[?25h[?2026l[?2026h[?25l[A[1Gpulling manifest [K
pulling 60e05f210007:   0% ▕                  ▏ 7.2 MB/4.7 GB  4.0 MB/s  19m42s[K[?25h[?2026l[?2026h[?25l[A[1Gpulling manifest [K
pulling 60e05f210007:   0% ▕                  ▏ 7.6 MB/4.7 GB  4.0 MB/s  19m42s[K[?25h[?2026l[?2026h[?25l[A[1Gpulling manifest [K
pulling 60e05f210007:   0% ▕                  ▏ 7.9 MB/4.7 GB  3.9 MB/s   20m1s[K[?25h[?2026l[?2026h[?25l[A[1Gpulling manifest [K
pulling 60e05f210007:   0% ▕                  ▏ 8.3 MB/4.7 GB  3.9 MB/s   20m1s[K[?25h[?2026l[?2026h[?25l[A[1Gpulling manifest [K
pulling 60e05f210007:   0% ▕                  ▏ 8.8 MB/4.7 GB  3.9 MB/s   20m1s[K[?25h[?2026l[?2026h[?25l[A[1Gpulling manifest [K
pulling 60e05f210007:   0% ▕                  ▏ 9.1 MB/4.7 GB  3.9 MB/s   20m1s[K[?25h[?2026l[?2026h[?25l[A[1Gpulling manifest [K
pulling 60e05f210007:   0% ▕                  ▏ 9.4 MB/4.7 GB  3.9 MB/s   20m0s[K[?25h[?2026l[?2026h[?25l[A[1Gpulling manifest [K
pulling 60e05f210007:   0% ▕                  ▏ 9.9 MB/4.7 GB  3.9 MB/s   20m0s[K[?25h[?2026l[?2026h[?25l[A[1Gpulling manifest [K
pulling 60e05f210007:   0% ▕                  ▏  10 MB/4.7 GB  3.9 MB/s   20m0s[K[?25h[?2026l[?2026h[?25l[A[1Gpulling manifest [K
pulling 60e05f210007:   0% ▕                  ▏  10 MB/4.7 GB  3.9 MB/s   20m0s[K[?25h[?2026l[?2026h[?25l[A[1Gpulling manifest [K
pulling 60e05f210007:   0% ▕                  ▏  11 MB/4.7 GB  3.9 MB/s   20m0s[K[?25h[?2026l[?2026h[?25l[A[1Gpulling manifest [K
pulling 60e05f210007:   0% ▕                  ▏  11 MB/4.7 GB  3.9 MB/s   20m0s[K[?25h[?2026l[?2026h[?25l[A[1Gpulling manifest [K
pulling 60e05f210007:   0% ▕                  ▏  11 MB/4.7 GB  3.9 MB/s   20m5s[K[?25h[?2026l[?2026h[?25l[A[1Gpulling manifest [K
pulling 60e05f210007:   0% ▕                  ▏  12 MB/4.7 GB  3.9 MB/s   20m5s[K[?25h[?2026l[?2026h[?25l[A[1Gpulling manifest [K
pulling 60e05f210007:   0% ▕                  ▏  12 MB/4.7 GB  3.9 MB/s   20m5s[K[?25h[?2026l[?2026h[?25l[A[1Gpulling manifest [K
pulling 60e05f210007:   0% ▕                  ▏  12 MB/4.7 GB  3.9 MB/s   20m5s[K[?25h[?2026l[?2026h[?25l[A[1Gpulling manifest [K
pulling 60e05f210007:   0% ▕                  ▏  13 MB/4.7 GB  3.9 MB/s   20m5s[K[?25h[?2026l[?2026h[?25l[A[1Gpulling manifest [K
pulling 60e05f210007:   0% ▕                  ▏  13 MB/4.7 GB  3.9 MB/s   20m5s[K[?25h[?2026l[?2026h[?25l[A[1Gpulling manifest [K
pulling 60e05f210007:   0% ▕                  ▏  14 MB/4.7 GB  3.9 MB/s   20m5s[K[?25h[?2026l[?2026h[?25l[A[1Gpulling manifest [K
pulling 60e05f210007:   0% ▕                  ▏  14 MB/4.7 GB  3.9 MB/s   20m5s[K[?25h[?2026l[?2026h[?25l[A[1Gpulling manifest [K
pulling 60e05f210007:   0% ▕                  ▏  14 MB/4.7 GB  3.9 MB/s   20m5s[K[?25h[?2026l[?2026h[?25l[A[1Gpulling manifest [K
pulling 60e05f210007:   0% ▕                  ▏  15 MB/4.7 GB  3.9 MB/s   20m5s[K[?25h[?2026l[?2026h[?25l[A[1Gpulling manifest [K
pulling 60e05f210007:   0% ▕                  ▏  15 MB/4.7 GB  3.9 MB/s   20m7s[K[?25h[?2026l[?2026h[?25l[A[1Gpulling manifest [K
pulling 60e05f210007:   0% ▕                  ▏  15 MB/4.7 GB  3.9 MB/s   20m7s[K[?25h[?2026l[?2026h[?25l[A[1Gpulling manifest [K
pulling 60e05f210007:   0% ▕                  ▏  16 MB/4.7 GB  3.9 MB/s   20m7s[K[?25h[?2026l[?2026h[?25l[A[1Gpulling manifest [K
pulling 60e05f210007:   0% ▕                  ▏  16 MB/4.7 GB  3.9 MB/s   20m7s[K[?25h[?2026l[?2026h[?25l[A[1Gpulling manifest [K
pulling 60e05f210007:   0% ▕                  ▏  16 MB/4.7 GB  3.9 MB/s   20m7s[K[?25h[?2026l[?2026h[?25l[A[1Gpulling manifest [K
pulling 60e05f210007:   0% ▕                  ▏  17 MB/4.7 GB  3.9 MB/s   20m7s[K[?25h[?2026l[?2026h[?25l[A[1Gpulling manifest [K
pulling 60e05f210007:   0% ▕                  ▏  17 MB/4.7 GB  3.9 MB/s   20m6s[K[?25h[?2026l[?2026h[?25l[A[1Gpulling manifest [K
pulling 60e05f210007:   0% ▕                  ▏  18 MB/4.7 GB  3.9 MB/s   20m6s[K[?25h[?2026l[?2026h[?25l[A[1Gpulling manifest [K
pulling 60e05f210007:   0% ▕                  ▏  18 MB/4.7 GB  3.9 MB/s   20m6s[K[?25h[?2026l[?2026h[?25l[A[1Gpulling manifest [K
pulling 60e05f210007:   0% ▕                  ▏  18 MB/4.7 GB  3.9 MB/s   20m6s[K[?25h[?2026l[?2026h[?25l[A[1Gpulling manifest [K
pulling 60e05f210007:   0% ▕                  ▏  19 MB/4.7 GB  3.9 MB/s   20m6s[K[?25h[?2026l[?2026h[?25l[A[1Gpulling manifest [K
pulling 60e05f210007:   0% ▕                  ▏  19 MB/4.7 GB  3.9 MB/s   20m2s[K[?25h[?2026l[?2026h[?25l[A[1Gpulling manifest [K
pulling 60e05f210007:   0% ▕                  ▏  19 MB/4.7 GB  3.9 MB/s   20m2s[K[?25h[?2026l[?2026h[?25l[A[1Gpulling manifest [K
pulling 60e05f210007:   0% ▕                  ▏  20 MB/4.7 GB  3.9 MB/s   20m2s[K[?25h[?2026l[?2026h[?25l[A[1Gpulling manifest [K
pulling 60e05f210007:   0% ▕                  ▏  20 MB/4.7 GB  3.9 MB/s   20m2s[K[?25h[?2026l[?2026h[?25l[A[1Gpulling manifest [K
pulling 60e05f210007:   0% ▕                  ▏  20 MB/4.7 GB  3.9 MB/s   20m2s[K[?25h[?2026l[?2026h[?25l[A[1Gpulling manifest [K
pulling 60e05f210007:   0% ▕                  ▏  21 MB/4.7 GB  3.9 MB/s   20m2s[K[?25h[?2026l[?2026h[?25l[A[1Gpulling manifest [K
pulling 60e05f210007:   0% ▕                  ▏  21 MB/4.7 GB  3.9 MB/s   20m2s[K[?25h[?2026l[?2026h[?25l[A[1Gpulling manifest [K
pulling 60e05f210007:   0% ▕                  ▏  22 MB/4.7 GB  3.9 MB/s   20m2s[K[?25h[?2026l[?2026h[?25l[A[1Gpulling manifest [K
pulling 60e05f210007:   0% ▕                  ▏  22 MB/4.7 GB  3.9 MB/s   20m2s[K[?25h[?2026l[?2026h[?25l[A[1Gpulling manifest [K
pulling 60e05f210007:   0% ▕                  ▏  22 MB/4.7 GB  3.9 MB/s   20m2s[K[?25h[?2026l[?2026h[?25l[A[1Gpulling manifest [K
pulling 60e05f210007:   0% ▕                  ▏  23 MB/4.7 GB  3.8 MB/s  20m22s[K[?25h[?2026l[?2026h[?25l[A[1Gpulling manifest [K
pulling 60e05f210007:   1% ▕                  ▏  23 MB/4.7 GB  3.8 MB/s  20m22s[K[?25h[?2026l[?2026h[?25l[A[1Gpulling manifest [K
pulling 60e05f210007:   1% ▕                  ▏  23 MB/4.7 GB  3.8 MB/s  20m22s[K[?25h[?2026l[?2026h[?25l[A[1Gpulling manifest [K
pulling 60e05f210007:   1% ▕                  ▏  24 MB/4.7 GB  3.8 MB/s  20m22s[K[?25h[?2026l[?2026h[?25l[A[1Gpulling manifest [K
pulling 60e05f210007:   1% ▕                  ▏  24 MB/4.7 GB  3.8 MB/s  20m21s[K[?25h[?2026l[?2026h[?25l[A[1Gpulling manifest [K
pulling 60e05f210007:   1% ▕                  ▏  25 MB/4.7 GB  3.8 MB/s  20m21s[K[?25h[?2026l[?2026h[?25l[A[1Gpulling manifest [K
pulling 60e05f210007:   1% ▕                  ▏  25 MB/4.7 GB  3.8 MB/s  20m21s[K[?25h[?2026l[?2026h[?25l[A[1Gpulling manifest [K
pulling 60e05f210007:   1% ▕                  ▏  25 MB/4.7 GB  3.8 MB/s  20m21s[K[?25h[?2026l[?2026h[?25l[A[1Gpulling manifest [K
pulling 60e05f210007:   1% ▕                  ▏  26 MB/4.7 GB  3.8 MB/s  20m21s[K[?25h[?2026l[?2026h[?25l[A[1Gpulling manifest [K
pulling 60e05f210007:   1% ▕                  ▏  26 MB/4.7 GB  3.8 MB/s  20m21s[K[?25h[?2026l[?2026h[?25l[A[1Gpulling manifest [K
pulling 60e05f210007:   1% ▕                  ▏  27 MB/4.7 GB  3.8 MB/s  20m10s[K[?25h[?2026l[?2026h[?25l[A[1Gpulling manifest [K
pulling 60e05f210007:   1% ▕                  ▏  27 MB/4.7 GB  3.8 MB/s  20m10s[K[?25h[?2026l[?2026h[?25l[A[1Gpulling manifest [K
pulling 60e05f210007:   1% ▕                  ▏  27 MB/4.7 GB  3.8 MB/s  20m10s[K[?25h[?2026l[?2026h[?25l[A[1Gpulling manifest [K
pulling 60e05f210007:   1% ▕                  ▏  28 MB/4.7 GB  3.8 MB/s  20m10s[K[?25h[?2026l[?2026h[?25l[A[1Gpulling manifest [K
pulling 60e05f210007:   1% ▕                  ▏  28 MB/4.7 GB  3.8 MB/s  20m10s[K[?25h[?2026l[?2026h[?25l[A[1Gpulling manifest [K
pulling 60e05f210007:   1% ▕                  ▏  28 MB/4.7 GB  3.8 MB/s  20m10s[K[?25h[?2026l[?2026h[?25l[A[1Gpulling manifest [K
pulling 60e05f210007:   1% ▕                  ▏  29 MB/4.7 GB  3.8 MB/s  20m10s[K[?25h[?2026l[?2026h[?25l[A[1Gpulling manifest [K
pulling 60e05f210007:   1% ▕                  ▏  29 MB/4.7 GB  3.8 MB/s   20m9s[K[?25h[?2026l[?2026h[?25l[A[1Gpulling manifest [K
pulling 60e05f210007:   1% ▕                  ▏  29 MB/4.7 GB  3.8 MB/s   20m9s[K[?25h[?2026l[?2026h[?25l[A[1Gpulling manifest [K
pulling 60e05f210007:   1% ▕                  ▏  30 MB/4.7 GB  3.8 MB/s   20m9s[K[?25h[?2026l[?2026h[?25l[A[1Gpulling manifest [K
pulling 60e05f210007:   1% ▕                  ▏  30 MB/4.7 GB  3.8 MB/s  20m12s[K[?25h[?2026l[?2026h[?25l[A[1Gpulling manifest [K
pulling 60e05f210007:   1% ▕                  ▏  31 MB/4.7 GB  3.8 MB/s  20m12s[K[?25h[?2026l[?2026h[?25l[A[1Gpulling manifest [K
pulling 60e05f210007:   1% ▕                  ▏  31 MB/4.7 GB  3.8 MB/s  20m12s[K[?25h[?2026l[?2026h[?25l[A[1Gpulling manifest [K
pulling 60e05f210007:   1% ▕                  ▏  31 MB/4.7 GB  3.8 MB/s  20m12s[K[?25h[?2026l[?2026h[?25l[A[1Gpulling manifest [K
pulling 60e05f210007:   1% ▕                  ▏  32 MB/4.7 GB  3.8 MB/s  20m12s[K[?25h[?2026l[?2026h[?25l[A[1Gpulling manifest [K
pulling 60e05f210007:   1% ▕                  ▏  32 MB/4.7 GB  3.8 MB/s  20m12s[K[?25h[?2026l[?2026h[?25l[A[1Gpulling manifest [K
pulling 60e05f210007:   1% ▕                  ▏  33 MB/4.7 GB  3.8 MB/s  20m11s[K[?25h[?2026l[?2026h[?25l[A[1Gpulling manifest [K
pulling 60e05f210007:   1% ▕                  ▏  33 MB/4.7 GB  3.8 MB/s  20m11s[K[?25h[?2026l[?2026h[?25l[A[1Gpulling manifest [K
pulling 60e05f210007:   1% ▕                  ▏  33 MB/4.7 GB  3.8 MB/s  20m11s[K[?25h[?2026l[?2026h[?25l[A[1Gpulling manifest [K
pulling 60e05f210007:   1% ▕                  ▏  34 MB/4.7 GB  3.8 MB/s  20m11s[K[?25h[?2026l[?2026h[?25l[A[1Gpulling manifest [K
pulling 60e05f210007:   1% ▕                  ▏  34 MB/4.7 GB  3.8 MB/s  20m11s[K[?25h[?2026l[?2026h[?25l[A[1Gpulling manifest [K
pulling 60e05f210007:   1% ▕                  ▏  34 MB/4.7 GB  3.8 MB/s  20m11s[K[?25h[?2026l[?2026h[?25l[A[1Gpulling manifest [K
pulling 60e05f210007:   1% ▕                  ▏  35 MB/4.7 GB  3.8 MB/s  20m11s[K[?25h[?2026l[?2026h[?25l[A[1Gpulling manifest [K
pulling 60e05f210007:   1% ▕                  ▏  35 MB/4.7 GB  3.8 MB/s  20m11s[K[?25h[?2026l[?2026h[?25l[A[1Gpulling manifest [K
pulling 60e05f210007:   1% ▕                  ▏  36 MB/4.7 GB  3.8 MB/s  20m11s[K[?25h[?2026l[?2026h[?25l[A[1Gpulling manifest [K
pulling 60e05f210007:   1% ▕                  ▏  36 MB/4.7 GB  3.8 MB/s  20m11s[K[?25h[?2026l[?2026h[?25l[A[1Gpulling manifest [K
pulling 60e05f210007:   1% ▕                  ▏  36 MB/4.7 GB  3.8 MB/s  20m11s[K[?25h[?2026l[?2026h[?25l[A[1Gpulling manifest [K
pulling 60e05f210007:   1% ▕                  ▏  37 MB/4.7 GB  3.8 MB/s  20m10s[K[?25h[?2026l[?2026h[?25l[A[1Gpulling manifest [K
pulling 60e05f210007:   1% ▕                  ▏  37 MB/4.7 GB  3.8 MB/s  20m10s[K[?25h[?2026l[?2026h[?25l[A[1Gpulling manifest [K
pulling 60e05f210007:   1% ▕                  ▏  37 MB/4.7 GB  3.8 MB/s  20m10s[K[?25h[?2026l[?2026h[?25l[A[1Gpulling manifest [K
pulling 60e05f210007:   1% ▕                  ▏  38 MB/4.7 GB  3.8 MB/s  20m10s[K[?25h[?2026l[?2026h[?25l[A[1Gpulling manifest [K
pulling 60e05f210007:   1% ▕                  ▏  38 MB/4.7 GB  3.8 MB/s  20m14s[K[?25h[?2026l[?2026h[?25l[A[1Gpulling manifest [K
pulling 60e05f210007:   1% ▕                  ▏  39 MB/4.7 GB  3.8 MB/s  20m14s[K[?25h[?2026l[?2026h[?25l[A[1Gpulling manifest [K
pulling 60e05f210007:   1% ▕                  ▏  39 MB/4.7 GB  3.8 MB/s  20m14s[K[?25h[?2026l[?2026h[?25l[A[1Gpulling manifest [K
pulling 60e05f210007:   1% ▕                  ▏  39 MB/4.7 GB  3.8 MB/s  20m14s[K[?25h[?2026l[?2026h[?25l[A[1Gpulling manifest [K
pulling 60e05f210007:   1% ▕                  ▏  40 MB/4.7 GB  3.8 MB/s  20m14s[K[?25h[?2026l[?2026h[?25l[A[1Gpulling manifest [K
pulling 60e05f210007:   1% ▕                  ▏  40 MB/4.7 GB  3.8 MB/s  20m14s[K[?25h[?2026l[?2026h[?25l[A[1Gpulling manifest [K
pulling 60e05f210007:   1% ▕                  ▏  40 MB/4.7 GB  3.8 MB/s  20m14s[K[?25h[?2026l[?2026h[?25l[A[1Gpulling manifest [K
pulling 60e05f210007:   1% ▕                  ▏  41 MB/4.7 GB  3.8 MB/s  20m14s[K[?25h[?2026l[?2026h[?25l[A[1Gpulling manifest [K
pulling 60e05f210007:   1% ▕                  ▏  41 MB/4.7 GB  3.8 MB/s  20m14s[K[?25h[?2026l[?2026h[?25l[A[1Gpulling manifest [K
pulling 60e05f210007:   1% ▕                  ▏  42 MB/4.7 GB  3.8 MB/s  20m14s[K[?25h[?2026l[?2026h[?25l[A[1Gpulling manifest [K
pulling 60e05f210007:   1% ▕                  ▏  42 MB/4.7 GB  3.8 MB/s  20m11s[K[?25h[?2026l[?2026h[?25l[A[1Gpulling manifest [K
pulling 60e05f210007:   1% ▕                  ▏  42 MB/4.7 GB  3.8 MB/s  20m11s[K[?25h[?2026l[?2026h[?25l[A[1Gpulling manifest [K
pulling 60e05f210007:   1% ▕                  ▏  43 MB/4.7 GB  3.8 MB/s  20m11s[K[?25h[?2026l[?2026h[?25l[A[1Gpulling manifest [K
pulling 60e05f210007:   1% ▕                  ▏  43 MB/4.7 GB  3.8 MB/s  20m11s[K[?25h[?2026l[?2026h[?25l[A[1Gpulling manifest [K
pulling 60e05f210007:   1% ▕                  ▏  44 MB/4.7 GB  3.8 MB/s  20m11s[K[?25h[?2026l[?2026h[?25l[A[1Gpulling manifest [K
pulling 60e05f210007:   1% ▕                  ▏  44 MB/4.7 GB  3.8 MB/s  20m10s[K[?25h[?2026l[?2026h[?25l[A[1Gpulling manifest [K
pulling 60e05f210007:   1% ▕                  ▏  44 MB/4.7 GB  3.8 MB/s  20m10s[K[?25h[?2026l[?2026h[?25l[A[1Gpulling manifest [K
pulling 60e05f210007:   1% ▕                  ▏  45 MB/4.7 GB  3.8 MB/s  20m10s[K[?25h[?2026l[?2026h[?25l[A[1Gpulling manifest [K
pulling 60e05f210007:   1% ▕                  ▏  45 MB/4.7 GB  3.8 MB/s  20m10s[K[?25h[?2026l[?2026h[?25l[A[1Gpulling manifest [K
pulling 60e05f210007:   1% ▕                  ▏  45 MB/4.7 GB  3.8 MB/s  20m10s[K[?25h[?2026l[?2026h[?25l[A[1Gpulling manifest [K
pulling 60e05f210007:   1% ▕                  ▏  46 MB/4.7 GB  3.8 MB/s  20m13s[K[?25h[?2026l[?2026h[?25l[A[1Gpulling manifest [K
pulling 60e05f210007:   1% ▕                  ▏  46 MB/4.7 GB  3.8 MB/s  20m12s[K[?25h[?2026l[?2026h[?25l[A[1Gpulling manifest [K
pulling 60e05f210007:   1% ▕                  ▏  47 MB/4.7 GB  3.8 MB/s  20m12s[K[?25h[?2026l[?2026h[?25l[A[1Gpulling manifest [K
pulling 60e05f210007:   1% ▕                  ▏  47 MB/4.7 GB  3.8 MB/s  20m12s[K[?25h[?2026l[?2026h[?25l[A[1Gpulling manifest [K
pulling 60e05f210007:   1% ▕                  ▏  47 MB/4.7 GB  3.8 MB/s  20m12s[K[?25h[?2026l[?2026h[?25l[A[1Gpulling manifest [K
pulling 60e05f210007:   1% ▕                  ▏  48 MB/4.7 GB  3.8 MB/s  20m12s[K[?25h[?2026l[?2026h[?25l[A[1Gpulling manifest [K
pulling 60e05f210007:   1% ▕                  ▏  48 MB/4.7 GB  3.8 MB/s  20m12s[K[?25h[?2026l[?2026h[?25l[A[1Gpulling manifest [K
pulling 60e05f210007:   1% ▕                  ▏  48 MB/4.7 GB  3.8 MB/s  20m12s[K[?25h[?2026l[?2026h[?25l[A[1Gpulling manifest [K
pulling 60e05f210007:   1% ▕                  ▏  49 MB/4.7 GB  3.8 MB/s  20m12s[K[?25h[?2026l[?2026h[?25l[A[1Gpulling manifest [K
pulling 60e05f210007:   1% ▕                  ▏  49 MB/4.7 GB  3.8 MB/s  20m12s[K[?25h[?2026l[?2026h[?25l[A[1Gpulling manifest [K
pulling 60e05f210007:   1% ▕                  ▏  50 MB/4.7 GB  3.8 MB/s  20m10s[K[?25h[?2026l[?2026h[?25l[A[1Gpulling manifest [K
pulling 60e05f210007:   1% ▕                  ▏  50 MB/4.7 GB  3.8 MB/s  20m10s[K[?25h[?2026l[?2026h[?25l[A[1Gpulling manifest [K
pulling 60e05f210007:   1% ▕                  ▏  50 MB/4.7 GB  3.8 MB/s  20m10s[K[?25h[?2026l[?2026h[?25l[A[1Gpulling manifest [K
pulling 60e05f210007:   1% ▕                  ▏  51 MB/4.7 GB  3.8 MB/s  20m10s[K[?25h[?2026l[?2026h[?25l[A[1Gpulling manifest [K
pulling 60e05f210007:   1% ▕                  ▏  51 MB/4.7 GB  3.8 MB/s  20m10s[K[?25h[?2026l[?2026h[?25l[A[1Gpulling manifest [K
pulling 60e05f210007:   1% ▕                  ▏  51 MB/4.7 GB  3.8 MB/s  20m10s[K[?25h[?2026l[?2026h[?25l[A[1Gpulling manifest [K
pulling 60e05f210007:   1% ▕                  ▏  52 MB/4.7 GB  3.8 MB/s   20m9s[K[?25h[?2026l[?2026h[?25l[A[1Gpulling manifest [K
pulling 60e05f210007:   1% ▕                  ▏  52 MB/4.7 GB  3.8 MB/s   20m9s[K[?25h[?2026l[?2026h[?25l[A[1Gpulling manifest [K
pulling 60e05f210007:   1% ▕                  ▏  52 MB/4.7 GB  3.8 MB/s   20m9s[K[?25h[?2026l[?2026h[?25l[A[1Gpulling manifest [K
pulling 60e05f210007:   1% ▕                  ▏  53 MB/4.7 GB  3.8 MB/s   20m9s[K[?25h[?2026l[?2026h[?25l[A[1Gpulling manifest [K
pulling 60e05f210007:   1% ▕                  ▏  53 MB/4.7 GB  3.8 MB/s  20m12s[K[?25h[?2026l[?2026h[?25l[A[1Gpulling manifest [K
pulling 60e05f210007:   1% ▕                  ▏  54 MB/4.7 GB  3.8 MB/s  20m12s[K[?25h[?2026l[?2026h[?25l[A[1Gpulling manifest [K
pulling 60e05f210007:   1% ▕                  ▏  54 MB/4.7 GB  3.8 MB/s  20m12s[K[?25h[?2026l[?2026h[?25l[A[1Gpulling manifest [K
pulling 60e05f210007:   1% ▕                  ▏  55 MB/4.7 GB  3.8 MB/s  20m12s[K[?25h[?2026l[?2026h[?25l[A[1Gpulling manifest [K
pulling 60e05f210007:   1% ▕                  ▏  55 MB/4.7 GB  3.8 MB/s  20m12s[K[?25h[?2026l[?2026h[?25l[A[1Gpulling manifest [K
pulling 60e05f210007:   1% ▕                  ▏  55 MB/4.7 GB  3.8 MB/s  20m12s[K[?25h[?2026l[?2026h[?25l[A[1Gpulling manifest [K
pulling 60e05f210007:   1% ▕                  ▏  56 MB/4.7 GB  3.8 MB/s  20m12s[K[?25h[?2026l[?2026h[?25l[A[1Gpulling manifest [K
pulling 60e05f210007:   1% ▕                  ▏  56 MB/4.7 GB  3.8 MB/s  20m12s[K[?25h[?2026l[?2026h[?25l[A[1Gpulling manifest [K
pulling 60e05f210007:   1% ▕                  ▏  56 MB/4.7 GB  3.8 MB/s  20m11s[K[?25h[?2026l[?2026h[?25l[A[1Gpulling manifest [K
pulling 60e05f210007:   1% ▕                  ▏  57 MB/4.7 GB  3.8 MB/s  20m11s[K[?25h[?2026l[?2026h[?25l[A[1Gpulling manifest [K
pulling 60e05f210007:   1% ▕                  ▏  57 MB/4.7 GB  3.8 MB/s  20m11s[K[?25h[?2026l[?2026h[?25l[A[1Gpulling manifest [K
pulling 60e05f210007:   1% ▕                  ▏  57 MB/4.7 GB  3.9 MB/s  19m57s[K[?25h[?2026l[?2026h[?25l[A[1Gpulling manifest [K
pulling 60e05f210007:   1% ▕                  ▏  58 MB/4.7 GB  3.9 MB/s  19m56s[K[?25h[?2026l[?2026h[?25l[A[1Gpulling manifest [K
pulling 60e05f210007:   1% ▕                  ▏  58 MB/4.7 GB  3.9 MB/s  19m56s[K[?25h[?2026l[?2026h[?25l[A[1Gpulling manifest [K
pulling 60e05f210007:   1% ▕                  ▏  59 MB/4.7 GB  3.9 MB/s  19m56s[K[?25h[?2026l[?2026h[?25l[A[1Gpulling manifest [K
pulling 60e05f210007:   1% ▕                  ▏  59 MB/4.7 GB  3.9 MB/s  19m56s[K[?25h[?2026l[?2026h[?25l[A[1Gpulling manifest [K
pulling 60e05f210007:   1% ▕                  ▏  59 MB/4.7 GB  3.9 MB/s  19m56s[K[?25h[?2026l[?2026h[?25l[A[1Gpulling manifest [K
pulling 60e05f210007:   1% ▕                  ▏  60 MB/4.7 GB  3.9 MB/s  19m56s[K[?25h[?2026l[?2026h[?25l[A[1Gpulling manifest [K
pulling 60e05f210007:   1% ▕                  ▏  60 MB/4.7 GB  3.9 MB/s  19m56s[K[?25h[?2026l[?2026h[?25l[A[1Gpulling manifest [K
pulling 60e05f210007:   1% ▕                  ▏  60 MB/4.7 GB  3.9 MB/s  19m56s[K[?25h[?2026l[?2026h[?25l[A[1Gpulling manifest [K
pulling 60e05f210007:   1% ▕                  ▏  61 MB/4.7 GB  3.9 MB/s  19m56s[K[?25h[?2026l[?2026h[?25l[A[1Gpulling manifest [K
pulling 60e05f210007:   1% ▕                  ▏  61 MB/4.7 GB  3.8 MB/s   20m5s[K[?25h[?2026l[?2026h[?25l[A[1Gpulling manifest [K
pulling 60e05f210007:   1% ▕                  ▏  62 MB/4.7 GB  3.8 MB/s   20m5s[K[?25h[?2026l[?2026h[?25l[A[1Gpulling manifest [K
pulling 60e05f210007:   1% ▕                  ▏  62 MB/4.7 GB  3.8 MB/s   20m5s[K[?25h[?2026l[?2026h[?25l[A[1Gpulling manifest [K
pulling 60e05f210007:   1% ▕                  ▏  62 MB/4.7 GB  3.8 MB/s   20m5s[K[?25h[?2026l[?2026h[?25l[A[1Gpulling manifest [K
pulling 60e05f210007:   1% ▕                  ▏  63 MB/4.7 GB  3.8 MB/s   20m5s[K[?25h[?2026l[?2026h[?25l[A[1Gpulling manifest [K
pulling 60e05f210007:   1% ▕                  ▏  63 MB/4.7 GB  3.8 MB/s   20m4s[K[?25h[?2026l[?2026h[?25l[A[1Gpulling manifest [K
pulling 60e05f210007:   1% ▕                  ▏  64 MB/4.7 GB  3.8 MB/s   20m4s[K[?25h[?2026l[?2026h[?25l[A[1Gpulling manifest [K
pulling 60e05f210007:   1% ▕                  ▏  64 MB/4.7 GB  3.8 MB/s   20m4s[K[?25h[?2026l[?2026h[?25l[A[1Gpulling manifest [K
pulling 60e05f210007:   1% ▕                  ▏  64 MB/4.7 GB  3.8 MB/s   20m4s[K[?25h[?2026l[?2026h[?25l[A[1Gpulling manifest [K
pulling 60e05f210007:   1% ▕                  ▏  65 MB/4.7 GB  3.8 MB/s   20m4s[K[?25h[?2026l[?2026h[?25l[A[1Gpulling manifest [K
pulling 60e05f210007:   1% ▕                  ▏  65 MB/4.7 GB  3.9 MB/s  19m58s[K[?25h[?2026l[?2026h[?25l[A[1Gpulling manifest [K
pulling 60e05f210007:   1% ▕                  ▏  65 MB/4.7 GB  3.9 MB/s  19m58s[K[?25h[?2026l[?2026h[?25l[A[1Gpulling manifest [K
pulling 60e05f210007:   1% ▕                  ▏  66 MB/4.7 GB  3.9 MB/s  19m58s[K[?25h[?2026l[?2026h[?25l[A[1Gpulling manifest [K
pulling 60e05f210007:   1% ▕                  ▏  66 MB/4.7 GB  3.9 MB/s  19m58s[K[?25h[?2026l[?2026h[?25l[A[1Gpulling manifest [K
pulling 60e05f210007:   1% ▕                  ▏  66 MB/4.7 GB  3.9 MB/s  19m58s[K[?25h[?2026l[?2026h[?25l[A[1Gpulling manifest [K
pulling 60e05f210007:   1% ▕                  ▏  67 MB/4.7 GB  3.9 MB/s  19m58s[K[?25h[?2026l[?2026h[?25l[A[1Gpulling manifest [K
pulling 60e05f210007:   1% ▕                  ▏  67 MB/4.7 GB  3.9 MB/s  19m58s[K[?25h[?2026l[?2026h[?25l[A[1Gpulling manifest [K
pulling 60e05f210007:   1% ▕                  ▏  68 MB/4.7 GB  3.9 MB/s  19m58s[K[?25h[?2026l[?2026h[?25l[A[1Gpulling manifest [K
pulling 60e05f210007:   1% ▕                  ▏  68 MB/4.7 GB  3.9 MB/s  19m57s[K[?25h[?2026l[?2026h[?25l[A[1Gpulling manifest [K
pulling 60e05f210007:   1% ▕                  ▏  68 MB/4.7 GB  3.9 MB/s  19m57s[K[?25h[?2026l[?2026h[?25l[A[1Gpulling manifest [K
pulling 60e05f210007:   1% ▕                  ▏  69 MB/4.7 GB  3.8 MB/s  19m59s[K[?25h[?2026l[?2026h[?25l[A[1Gpulling manifest [K
pulling 60e05f210007:   1% ▕                  ▏  69 MB/4.7 GB  3.8 MB/s  19m59s[K[?25h[?2026l[?2026h[?25l[A[1Gpulling manifest [K
pulling 60e05f210007:   1% ▕                  ▏  69 MB/4.7 GB  3.8 MB/s  19m59s[K[?25h[?2026l[?2026h[?25l[A[1Gpulling manifest [K
pulling 60e05f210007:   2% ▕                  ▏  70 MB/4.7 GB  3.8 MB/s  19m59s[K[?25h[?2026l[?2026h[?25l[A[1Gpulling manifest [K
pulling 60e05f210007:   2% ▕                  ▏  70 MB/4.7 GB  3.8 MB/s  19m59s[K[?25h[?2026l[?2026h[?25l[A[1Gpulling manifest [K
pulling 60e05f210007:   2% ▕                  ▏  71 MB/4.7 GB  3.8 MB/s  19m59s[K[?25h[?2026l[?2026h[?25l[A[1Gpulling manifest [K
pulling 60e05f210007:   2% ▕                  ▏  71 MB/4.7 GB  3.8 MB/s  19m59s[K[?25h[?2026l[?2026h[?25l[A[1Gpulling manifest [K
pulling 60e05f210007:   2% ▕                  ▏  72 MB/4.7 GB  3.8 MB/s  19m58s[K[?25h[?2026l[?2026h[?25l[A[1Gpulling manifest [K
pulling 60e05f210007:   2% ▕                  ▏  72 MB/4.7 GB  3.8 MB/s  19m58s[K[?25h[?2026l[?2026h[?25l[A[1Gpulling manifest [K
pulling 60e05f210007:   2% ▕                  ▏  72 MB/4.7 GB  3.8 MB/s  19m58s[K[?25h[?2026l[?2026h[?25l[A[1Gpulling manifest [K
pulling 60e05f210007:   2% ▕                  ▏  73 MB/4.7 GB  3.8 MB/s  19m59s[K[?25h[?2026l[?2026h[?25l[A[1Gpulling manifest [K
pulling 60e05f210007:   2% ▕                  ▏  73 MB/4.7 GB  3.8 MB/s  19m59s[K[?25h[?2026l[?2026h[?25l[A[1Gpulling manifest [K
pulling 60e05f210007:   2% ▕                  ▏  73 MB/4.7 GB  3.8 MB/s  19m59s[K[?25h[?2026l[?2026h[?25l[A[1Gpulling manifest [K
pulling 60e05f210007:   2% ▕                  ▏  74 MB/4.7 GB  3.8 MB/s  19m59s[K[?25h[?2026l[?2026h[?25l[A[1Gpulling manifest [K
pulling 60e05f210007:   2% ▕                  ▏  74 MB/4.7 GB  3.8 MB/s  19m59s[K[?25h[?2026l[?2026h[?25l[A[1Gpulling manifest [K
pulling 60e05f210007:   2% ▕                  ▏  74 MB/4.7 GB  3.8 MB/s  19m59s[K[?25h[?2026l[?2026h[?25l[A[1Gpulling manifest [K
pulling 60e05f210007:   2% ▕                  ▏  75 MB/4.7 GB  3.8 MB/s  19m59s[K[?25h[?2026l[?2026h[?25l[A[1Gpulling manifest [K
pulling 60e05f210007:   2% ▕                  ▏  75 MB/4.7 GB  3.8 MB/s  19m59s[K[?25h[?2026l[?2026h[?25l[A[1Gpulling manifest [K
pulling 60e05f210007:   2% ▕                  ▏  76 MB/4.7 GB  3.8 MB/s  19m59s[K[?25h[?2026l[?2026h[?25l[A[1Gpulling manifest [K
pulling 60e05f210007:   2% ▕                  ▏  76 MB/4.7 GB  3.8 MB/s  19m58s[K[?25h[?2026l[?2026h[?25l[A[1Gpulling manifest [K
pulling 60e05f210007:   2% ▕                  ▏  76 MB/4.7 GB  3.8 MB/s  19m58s[K[?25h[?2026l[?2026h[?25l[A[1Gpulling manifest [K
pulling 60e05f210007:   2% ▕                  ▏  77 MB/4.7 GB  3.8 MB/s   20m0s[K[?25h[?2026l[?2026h[?25l[A[1Gpulling manifest [K
pulling 60e05f210007:   2% ▕                  ▏  77 MB/4.7 GB  3.8 MB/s   20m0s[K[?25h[?2026l[?2026h[?25l[A[1Gpulling manifest [K
pulling 60e05f210007:   2% ▕                  ▏  77 MB/4.7 GB  3.8 MB/s  19m59s[K[?25h[?2026l[?2026h[?25l[A[1Gpulling manifest [K
pulling 60e05f210007:   2% ▕                  ▏  78 MB/4.7 GB  3.8 MB/s  19m59s[K[?25h[?2026l[?2026h[?25l[A[1Gpulling manifest [K
pulling 60e05f210007:   2% ▕                  ▏  78 MB/4.7 GB  3.8 MB/s  19m59s[K[?25h[?2026l[?2026h[?25l[A[1Gpulling manifest [K
pulling 60e05f210007:   2% ▕                  ▏  78 MB/4.7 GB  3.8 MB/s  19m59s[K[?25h[?2026l[?2026h[?25l[A[1Gpulling manifest [K
pulling 60e05f210007:   2% ▕                  ▏  79 MB/4.7 GB  3.8 MB/s  19m59s[K[?25h[?2026l[?2026h[?25l[A[1Gpulling manifest [K
pulling 60e05f210007:   2% ▕                  ▏  79 MB/4.7 GB  3.8 MB/s  19m59s[K[?25h[?2026l[?2026h[?25l[A[1Gpulling manifest [K
pulling 60e05f210007:   2% ▕                  ▏  80 MB/4.7 GB  3.8 MB/s  19m59s[K[?25h[?2026l[?2026h[?25l[A[1Gpulling manifest [K
pulling 60e05f210007:   2% ▕                  ▏  80 MB/4.7 GB  3.8 MB/s  19m59s[K[?25h[?2026l[?2026h[?25l[A[1Gpulling manifest [K
pulling 60e05f210007:   2% ▕                  ▏  81 MB/4.7 GB  3.9 MB/s  19m50s[K[?25h[?2026l[?2026h[?25l[A[1Gpulling manifest [K
pulling 60e05f210007:   2% ▕                  ▏  81 MB/4.7 GB  3.9 MB/s  19m50s[K[?25h[?2026l[?2026h[?25l[A[1Gpulling manifest [K
pulling 60e05f210007:   2% ▕                  ▏  81 MB/4.7 GB  3.9 MB/s  19m50s[K[?25h[?2026l[?2026h[?25l[A[1Gpulling manifest [K
pulling 60e05f210007:   2% ▕                  ▏  82 MB/4.7 GB  3.9 MB/s  19m50s[K[?25h[?2026l[?2026h[?25l[A[1Gpulling manifest [K
pulling 60e05f210007:   2% ▕                  ▏  82 MB/4.7 GB  3.9 MB/s  19m50s[K[?25h[?2026l[?2026h[?25l[A[1Gpulling manifest [K
pulling 60e05f210007:   2% ▕                  ▏  83 MB/4.7 GB  3.9 MB/s  19m50s[K[?25h[?2026l[?2026h[?25l[A[1Gpulling manifest [K
pulling 60e05f210007:   2% ▕                  ▏  83 MB/4.7 GB  3.9 MB/s  19m49s[K[?25h[?2026l[?2026h[?25l[A[1Gpulling manifest [K
pulling 60e05f210007:   2% ▕                  ▏  83 MB/4.7 GB  3.9 MB/s  19m49s[K[?25h[?2026l[?2026h[?25l[A[1Gpulling manifest [K
pulling 60e05f210007:   2% ▕                  ▏  83 MB/4.7 GB  3.9 MB/s  19m49s[K[?25h[?2026l[?2026h[?25l[A[1Gpulling manifest [K
pulling 60e05f210007:   2% ▕                  ▏  84 MB/4.7 GB  3.9 MB/s  19m49s[K[?25h[?2026l[?2026h[?25l[A[1Gpulling manifest [K
pulling 60e05f210007:   2% ▕                  ▏  84 MB/4.7 GB  3.9 MB/s  19m52s[K[?25h[?2026l[?2026h[?25l[A[1Gpulling manifest [K
pulling 60e05f210007:   2% ▕                  ▏  85 MB/4.7 GB  3.9 MB/s  19m51s[K[?25h[?2026l[?2026h[?25l[A[1Gpulling manifest [K
pulling 60e05f210007:   2% ▕                  ▏  85 MB/4.7 GB  3.9 MB/s  19m51s[K[?25h[?2026l[?2026h[?25l[A[1Gpulling manifest [K
pulling 60e05f210007:   2% ▕                  ▏  85 MB/4.7 GB  3.9 MB/s  19m51s[K[?25h[?2026l[?2026h[?25l[A[1Gpulling manifest [K
pulling 60e05f210007:   2% ▕                  ▏  86 MB/4.7 GB  3.9 MB/s  19m51s[K[?25h[?2026l[?2026h[?25l[A[1Gpulling manifest [K
pulling 60e05f210007:   2% ▕                  ▏  86 MB/4.7 GB  3.9 MB/s  19m51s[K[?25h[?2026l[?2026h[?25l[A[1Gpulling manifest [K
pulling 60e05f210007:   2% ▕                  ▏  86 MB/4.7 GB  3.9 MB/s  19m51s[K[?25h[?2026l[?2026h[?25l[A[1Gpulling manifest [K
pulling 60e05f210007:   2% ▕                  ▏  87 MB/4.7 GB  3.9 MB/s  19m51s[K[?25h[?2026l[?2026h[?25l[A[1Gpulling manifest [K
pulling 60e05f210007:   2% ▕                  ▏  87 MB/4.7 GB  3.9 MB/s  19m51s[K[?25h[?2026l[?2026h[?25l[A[1Gpulling manifest [K
pulling 60e05f210007:   2% ▕                  ▏  87 MB/4.7 GB  3.9 MB/s  19m51s[K[?25h[?2026l[?2026h[?25l[A[1Gpulling manifest [K
pulling 60e05f210007:   2% ▕                  ▏  88 MB/4.7 GB  3.8 MB/s  20m11s[K[?25h[?2026l[?2026h[?25l[A[1Gpulling manifest [K
pulling 60e05f210007:   2% ▕                  ▏  88 MB/4.7 GB  3.8 MB/s  20m11s[K[?25h[?2026l[?2026h[?25l[A[1Gpulling manifest [K
pulling 60e05f210007:   2% ▕                  ▏  88 MB/4.7 GB  3.8 MB/s  20m11s[K[?25h[?2026l[?2026h[?25l[A[1Gpulling manifest [K
pulling 60e05f210007:   2% ▕                  ▏  88 MB/4.7 GB  3.8 MB/s  20m11s[K[?25h[?2026l[?2026h[?25l[A[1Gpulling manifest [K
pulling 60e05f210007:   2% ▕                  ▏  88 MB/4.7 GB  3.8 MB/s  20m11s[K[?25h[?2026l[?2026h[?25l[A[1Gpulling manifest [K
pulling 60e05f210007:   2% ▕                  ▏  88 MB/4.7 GB  3.8 MB/s  20m11s[K[?25h[?2026l[?2026h[?25l[A[1Gpulling manifest [K
pulling 60e05f210007:   2% ▕                  ▏  89 MB/4.7 GB  3.8 MB/s  20m10s[K[?25h[?2026l[?2026h[?25l[A[1Gpulling manifest [K
pulling 60e05f210007:   2% ▕                  ▏  89 MB/4.7 GB  3.8 MB/s  20m10s[K[?25h[?2026l[?2026h[?25l[A[1Gpulling manifest [K
pulling 60e05f210007:   2% ▕                  ▏  89 MB/4.7 GB  3.8 MB/s  20m10s[K[?25h[?2026l[?2026h[?25l[A[1Gpulling manifest [K
pulling 60e05f210007:   2% ▕                  ▏  89 MB/4.7 GB  3.8 MB/s  20m10s[K[?25h[?2026l[?2026h[?25l[A[1Gpulling manifest [K
pulling 60e05f210007:   2% ▕                  ▏  89 MB/4.7 GB  3.6 MB/s  21m31s[K[?25h[?2026l[?2026h[?25l[A[1Gpulling manifest [K
pulling 60e05f210007:   2% ▕                  ▏  89 MB/4.7 GB  3.6 MB/s  21m31s[K[?25h[?2026l[?2026h[?25l[A[1Gpulling manifest [K
pulling 60e05f210007:   2% ▕                  ▏  90 MB/4.7 GB  3.6 MB/s  21m31s[K[?25h[?2026l[?2026h[?25l[A[1Gpulling manifest [K
pulling 60e05f210007:   2% ▕                  ▏  90 MB/4.7 GB  3.6 MB/s  21m31s[K[?25h[?2026l[?2026h[?25l[A[1Gpulling manifest [K
pulling 60e05f210007:   2% ▕                  ▏  90 MB/4.7 GB  3.6 MB/s  21m31s[K[?25h[?2026l[?2026h[?25l[A[1Gpulling manifest [K
pulling 60e05f210007:   2% ▕                  ▏  90 MB/4.7 GB  3.6 MB/s  21m31s[K[?25h[?2026l[?2026h[?25l[A[1Gpulling manifest [K
pulling 60e05f210007:   2% ▕                  ▏  90 MB/4.7 GB  3.6 MB/s  21m31s[K[?25h[?2026l[?2026h[?25l[A[1Gpulling manifest [K
pulling 60e05f210007:   2% ▕                  ▏  90 MB/4.7 GB  3.6 MB/s  21m31s[K[?25h[?2026l[?2026h[?25l[A[1Gpulling manifest [K
pulling 60e05f210007:   2% ▕                  ▏  91 MB/4.7 GB  3.6 MB/s  21m31s[K[?25h[?2026l[?2026h[?25l[A[1Gpulling manifest [K
pulling 60e05f210007:   2% ▕                  ▏  91 MB/4.7 GB  3.6 MB/s  21m31s[K[?25h[?2026l[?2026h[?25l[A[1Gpulling manifest [K
pulling 60e05f210007:   2% ▕                  ▏  91 MB/4.7 GB  3.6 MB/s  21m31s[K[?25h[?2026l[?2026h[?25l[A[1Gpulling manifest [K
pulling 60e05f210007:   2% ▕                  ▏  91 MB/4.7 GB  3.3 MB/s  22m53s[K[?25h[?2026l[?2026h[?25l[A[1Gpulling manifest [K
pulling 60e05f210007:   2% ▕                  ▏  91 MB/4.7 GB  3.3 MB/s  22m53s[K[?25h[?2026l[?2026h[?25l[A[1Gpulling manifest [K
pulling 60e05f210007:   2% ▕                  ▏  92 MB/4.7 GB  3.3 MB/s  22m53s[K[?25h[?2026l[?2026h[?25l[A[1Gpulling manifest [K
pulling 60e05f210007:   2% ▕                  ▏  92 MB/4.7 GB  3.3 MB/s  22m53s[K[?25h[?2026l[?2026h[?25l[A[1Gpulling manifest [K
pulling 60e05f210007:   2% ▕                  ▏  92 MB/4.7 GB  3.3 MB/s  22m53s[K[?25h[?2026l[?2026h[?25l[A[1Gpulling manifest [K
pulling 60e05f210007:   2% ▕                  ▏  92 MB/4.7 GB  3.3 MB/s  22m53s[K[?25h[?2026l[?2026h[?25l[A[1Gpulling manifest [K
pulling 60e05f210007:   2% ▕                  ▏  92 MB/4.7 GB  3.3 MB/s  22m53s[K[?25h[?2026l[?2026h[?25l[A[1Gpulling manifest [K
pulling 60e05f210007:   2% ▕                  ▏  92 MB/4.7 GB  3.3 MB/s  22m53s[K[?25h[?2026l[?2026h[?25l[A[1Gpulling manifest [K
pulling 60e05f210007:   2% ▕                  ▏  93 MB/4.7 GB  3.3 MB/s  22m53s[K[?25h[?2026l[?2026h[?25l[A[1Gpulling manifest [K
pulling 60e05f210007:   2% ▕                  ▏  93 MB/4.7 GB  3.3 MB/s  22m53s[K[?25h[?2026l[?2026h[?25l[A[1Gpulling manifest [K
pulling 60e05f210007:   2% ▕                  ▏  93 MB/4.7 GB  3.1 MB/s  24m40s[K[?25h[?2026l[?2026h[?25l[A[1Gpulling manifest [K
pulling 60e05f210007:   2% ▕                  ▏  93 MB/4.7 GB  3.1 MB/s  24m40s[K[?25h[?2026l[?2026h[?25l[A[1Gpulling manifest [K
pulling 60e05f210007:   2% ▕                  ▏  93 MB/4.7 GB  3.1 MB/s  24m40s[K[?25h[?2026l[?2026h[?25l[A[1Gpulling manifest [K
pulling 60e05f210007:   2% ▕                  ▏  94 MB/4.7 GB  3.1 MB/s  24m40s[K[?25h[?2026l[?2026h[?25l[A[1Gpulling manifest [K
pulling 60e05f210007:   2% ▕                  ▏  94 MB/4.7 GB  3.1 MB/s  24m40s[K[?25h[?2026l[?2026h[?25l[A[1Gpulling manifest [K
pulling 60e05f210007:   2% ▕                  ▏  94 MB/4.7 GB  3.1 MB/s  24m40s[K[?25h[?2026l[?2026h[?25l[A[1Gpulling manifest [K
pulling 60e05f210007:   2% ▕                  ▏  94 MB/4.7 GB  3.1 MB/s  24m40s[K[?25h[?2026l[?2026h[?25l[A[1Gpulling manifest [K
pulling 60e05f210007:   2% ▕                  ▏  94 MB/4.7 GB  3.1 MB/s  24m40s[K[?25h[?2026l[?2026h[?25l[A[1Gpulling manifest [K
pulling 60e05f210007:   2% ▕                  ▏  94 MB/4.7 GB  3.1 MB/s  24m40s[K[?25h[?2026l[?2026h[?25l[A[1Gpulling manifest [K
pulling 60e05f210007:   2% ▕                  ▏  95 MB/4.7 GB  3.1 MB/s  24m40s[K[?25h[?2026l[?2026h[?25l[A[1Gpulling manifest [K
pulling 60e05f210007:   2% ▕                  ▏  95 MB/4.7 GB  2.9 MB/s  26m37s[K[?25h[?2026l[?2026h[?25l[A[1Gpulling manifest [K
pulling 60e05f210007:   2% ▕                  ▏  95 MB/4.7 GB  2.9 MB/s  26m37s[K[?25h[?2026l[?2026h[?25l[A[1Gpulling manifest [K
pulling 60e05f210007:   2% ▕                  ▏  95 MB/4.7 GB  2.9 MB/s  26m37s[K[?25h[?2026l[?2026h[?25l[A[1Gpulling manifest [K
pulling 60e05f210007:   2% ▕                  ▏  95 MB/4.7 GB  2.9 MB/s  26m37s[K[?25h[?2026l[?2026h[?25l[A[1Gpulling manifest [K
pulling 60e05f210007:   2% ▕                  ▏  95 MB/4.7 GB  2.9 MB/s  26m37s[K[?25h[?2026l[?2026h[?25l[A[1Gpulling manifest [K
pulling 60e05f210007:   2% ▕                  ▏  96 MB/4.7 GB  2.9 MB/s  26m37s[K[?25h[?2026l[?2026h[?25l[A[1Gpulling manifest [K
pulling 60e05f210007:   2% ▕                  ▏  96 MB/4.7 GB  2.9 MB/s  26m37s[K[?25h[?2026l[?2026h[?25l[A[1Gpulling manifest [K
pulling 60e05f210007:   2% ▕                  ▏  96 MB/4.7 GB  2.9 MB/s  26m37s[K[?25h[?2026l[?2026h[?25l[A[1Gpulling manifest [K
pulling 60e05f210007:   2% ▕                  ▏  96 MB/4.7 GB  2.9 MB/s  26m37s[K[?25h[?2026l[?2026h[?25l[A[1Gpulling manifest [K
pulling 60e05f210007:   2% ▕                  ▏  96 MB/4.7 GB  2.9 MB/s  26m37s[K[?25h[?2026l[?2026h[?25l[A[1Gpulling manifest [K
pulling 60e05f210007:   2% ▕                  ▏  96 MB/4.7 GB  2.7 MB/s  28m44s[K[?25h[?2026l[?2026h[?25l[A[1Gpulling manifest [K
pulling 60e05f210007:   2% ▕                  ▏  97 MB/4.7 GB  2.7 MB/s  28m44s[K[?25h[?2026l[?2026h[?25l[A[1Gpulling manifest [K
pulling 60e05f210007:   2% ▕                  ▏  97 MB/4.7 GB  2.7 MB/s  28m44s[K[?25h[?2026l[?2026h[?25l[A[1Gpulling manifest [K
pulling 60e05f210007:   2% ▕                  ▏  97 MB/4.7 GB  2.7 MB/s  28m44s[K[?25h[?2026l[?2026h[?25l[A[1Gpulling manifest [K
pulling 60e05f210007:   2% ▕                  ▏  97 MB/4.7 GB  2.7 MB/s  28m44s[K[?25h[?2026l[?2026h[?25l[A[1Gpulling manifest [K
pulling 60e05f210007:   2% ▕                  ▏  97 MB/4.7 GB  2.7 MB/s  28m44s[K[?25h[?2026l[?2026h[?25l[A[1Gpulling manifest [K
pulling 60e05f210007:   2% ▕                  ▏  98 MB/4.7 GB  2.7 MB/s  28m43s[K[?25h[?2026l[?2026h[?25l[A[1Gpulling manifest [K
pulling 60e05f210007:   2% ▕                  ▏  98 MB/4.7 GB  2.7 MB/s  28m43s[K[?25h[?2026l[?2026h[?25l[A[1Gpulling manifest [K
pulling 60e05f210007:   2% ▕                  ▏  98 MB/4.7 GB  2.7 MB/s  28m43s[K[?25h[?2026l[?2026h[?25l[A[1Gpulling manifest [K
pulling 60e05f210007:   2% ▕                  ▏  98 MB/4.7 GB  2.7 MB/s  28m43s[K[?25h[?2026l[?2026h[?25l[A[1Gpulling manifest [K
pulling 60e05f210007:   2% ▕                  ▏  98 MB/4.7 GB  2.4 MB/s  31m24s[K[?25h[?2026l[?2026h[?25l[A[1Gpulling manifest [K
pulling 60e05f210007:   2% ▕                  ▏  98 MB/4.7 GB  2.4 MB/s  31m24s[K[?25h[?2026l[?2026h[?25l[A[1Gpulling manifest [K
pulling 60e05f210007:   2% ▕                  ▏  99 MB/4.7 GB  2.4 MB/s  31m24s[K[?25h[?2026l[?2026h[?25l[A[1Gpulling manifest [K
pulling 60e05f210007:   2% ▕                  ▏  99 MB/4.7 GB  2.4 MB/s  31m24s[K[?25h[?2026l[?2026h[?25l[A[1Gpulling manifest [K
pulling 60e05f210007:   2% ▕                  ▏  99 MB/4.7 GB  2.4 MB/s  31m24s[K[?25h[?2026l[?2026h[?25l[A[1Gpulling manifest [K
pulling 60e05f210007:   2% ▕                  ▏  99 MB/4.7 GB  2.4 MB/s  31m23s[K[?25h[?2026l[?2026h[?25l[A[1Gpulling manifest [K
pulling 60e05f210007:   2% ▕                  ▏  99 MB/4.7 GB  2.4 MB/s  31m23s[K[?25h[?2026l[?2026h[?25l[A[1Gpulling manifest [K
pulling 60e05f210007:   2% ▕                  ▏  99 MB/4.7 GB  2.4 MB/s  31m23s[K[?25h[?2026l[?2026h[?25l[A[1Gpulling manifest [K
pulling 60e05f210007:   2% ▕                  ▏ 100 MB/4.7 GB  2.4 MB/s  31m23s[K[?25h[?2026l[?2026h[?25l[A[1Gpulling manifest [K
pulling 60e05f210007:   2% ▕                  ▏ 100 MB/4.7 GB  2.4 MB/s  31m23s[K[?25h[?2026l[?2026h[?25l[A[1Gpulling manifest [K
pulling 60e05f210007:   2% ▕                  ▏ 100 MB/4.7 GB  2.4 MB/s  31m23s[K[?25h[?2026l[?2026h[?25l[A[1Gpulling manifest [K
pulling 60e05f210007:   2% ▕                  ▏ 100 MB/4.7 GB  2.2 MB/s  34m59s[K[?25h[?2026l[?2026h[?25l[A[1Gpulling manifest [K
pulling 60e05f210007:   2% ▕                  ▏ 100 MB/4.7 GB  2.2 MB/s  34m59s[K[?25h[?2026l[?2026h[?25l[A[1Gpulling manifest [K
pulling 60e05f210007:   2% ▕                  ▏ 100 MB/4.7 GB  2.2 MB/s  34m59s[K[?25h[?2026l[?2026h[?25l[A[1Gpulling manifest [K
pulling 60e05f210007:   2% ▕                  ▏ 101 MB/4.7 GB  2.2 MB/s  34m59s[K[?25h[?2026l[?2026h[?25l[A[1Gpulling manifest [K
pulling 60e05f210007:   2% ▕                  ▏ 101 MB/4.7 GB  2.2 MB/s  34m59s[K[?25h[?2026l[?2026h[?25l[A[1Gpulling manifest [K
pulling 60e05f210007:   2% ▕                  ▏ 101 MB/4.7 GB  2.2 MB/s  34m59s[K[?25h[?2026l[?2026h[?25l[A[1Gpulling manifest [K
pulling 60e05f210007:   2% ▕                  ▏ 101 MB/4.7 GB  2.2 MB/s  34m59s[K[?25h[?2026l[?2026h[?25l[A[1Gpulling manifest [K
pulling 60e05f210007:   2% ▕                  ▏ 101 MB/4.7 GB  2.2 MB/s  34m59s[K[?25h[?2026l[?2026h[?25l[A[1Gpulling manifest [K
pulling 60e05f210007:   2% ▕                  ▏ 102 MB/4.7 GB  2.2 MB/s  34m59s[K[?25h[?2026l[?2026h[?25l[A[1Gpulling manifest [K
pulling 60e05f210007:   2% ▕                  ▏ 102 MB/4.7 GB  2.2 MB/s  34m59s[K[?25h[?2026l[?2026h[?25l[A[1Gpulling manifest [K
pulling 60e05f210007:   2% ▕                  ▏ 102 MB/4.7 GB  2.0 MB/s  38m56s[K[?25h[?2026l[?2026h[?25l[A[1Gpulling manifest [K
pulling 60e05f210007:   2% ▕                  ▏ 102 MB/4.7 GB  2.0 MB/s  38m56s[K[?25h[?2026l[?2026h[?25l[A[1Gpulling manifest [K
pulling 60e05f210007:   2% ▕                  ▏ 102 MB/4.7 GB  2.0 MB/s  38m56s[K[?25h[?2026l[?2026h[?25l[A[1Gpulling manifest [K
pulling 60e05f210007:   2% ▕                  ▏ 102 MB/4.7 GB  2.0 MB/s  38m56s[K[?25h[?2026l[?2026h[?25l[A[1Gpulling manifest [K
pulling 60e05f210007:   2% ▕                  ▏ 103 MB/4.7 GB  2.0 MB/s  38m56s[K[?25h[?2026l[?2026h[?25l[A[1Gpulling manifest [K
pulling 60e05f210007:   2% ▕                  ▏ 103 MB/4.7 GB  2.0 MB/s  38m56s[K[?25h[?2026l[?2026h[?25l[A[1Gpulling manifest [K
pulling 60e05f210007:   2% ▕                  ▏ 103 MB/4.7 GB  2.0 MB/s  38m56s[K[?25h[?2026l[?2026h[?25l[A[1Gpulling manifest [K
pulling 60e05f210007:   2% ▕                  ▏ 103 MB/4.7 GB  2.0 MB/s  38m56s[K[?25h[?2026l[?2026h[?25l[A[1Gpulling manifest [K
pulling 60e05f210007:   2% ▕                  ▏ 103 MB/4.7 GB  2.0 MB/s  38m56s[K[?25h[?2026l[?2026h[?25l[A[1Gpulling manifest [K
pulling 60e05f210007:   2% ▕                  ▏ 104 MB/4.7 GB  2.0 MB/s  38m55s[K[?25h[?2026l[?2026h[?25l[A[1Gpulling manifest [K
pulling 60e05f210007:   2% ▕                  ▏ 104 MB/4.7 GB  1.8 MB/s  42m36s[K[?25h[?2026l[?2026h[?25l[A[1Gpulling manifest [K
pulling 60e05f210007:   2% ▕                  ▏ 104 MB/4.7 GB  1.8 MB/s  42m36s[K[?25h[?2026l[?2026h[?25l[A[1Gpulling manifest [K
pulling 60e05f210007:   2% ▕                  ▏ 104 MB/4.7 GB  1.8 MB/s  42m35s[K[?25h[?2026l[?2026h[?25l[A[1Gpulling manifest [K
pulling 60e05f210007:   2% ▕                  ▏ 104 MB/4.7 GB  1.8 MB/s  42m35s[K[?25h[?2026l[?2026h[?25l[A[1Gpulling manifest [K
pulling 60e05f210007:   2% ▕                  ▏ 104 MB/4.7 GB  1.8 MB/s  42m35s[K[?25h[?2026l[?2026h[?25l[A[1Gpulling manifest [K
pulling 60e05f210007:   2% ▕                  ▏ 105 MB/4.7 GB  1.8 MB/s  42m35s[K[?25h[?2026l[?2026h[?25l[A[1Gpulling manifest [K
pulling 60e05f210007:   2% ▕                  ▏ 105 MB/4.7 GB  1.8 MB/s  42m35s[K[?25h[?2026l[?2026h[?25l[A[1Gpulling manifest [K
pulling 60e05f210007:   2% ▕                  ▏ 105 MB/4.7 GB  1.8 MB/s  42m35s[K[?25h[?2026l[?2026h[?25l[A[1Gpulling manifest [K
pulling 60e05f210007:   2% ▕                  ▏ 105 MB/4.7 GB  1.8 MB/s  42m35s[K[?25h[?2026l[?2026h[?25l[A[1Gpulling manifest [K
pulling 60e05f210007:   2% ▕                  ▏ 105 MB/4.7 GB  1.8 MB/s  42m35s[K[?25h[?2026l[?2026h[?25l[A[1Gpulling manifest [K
pulling 60e05f210007:   2% ▕                  ▏ 105 MB/4.7 GB  1.8 MB/s  42m29s[K[?25h[?2026l[?2026h[?25l[A[1Gpulling manifest [K
pulling 60e05f210007:   2% ▕                  ▏ 106 MB/4.7 GB  1.8 MB/s  42m29s[K[?25h[?2026l[?2026h[?25l[A[1Gpulling manifest [K
pulling 60e05f210007:   2% ▕                  ▏ 106 MB/4.7 GB  1.8 MB/s  42m29s[K[?25h[?2026l[?2026h[?25l[A[1Gpulling manifest [K
pulling 60e05f210007:   2% ▕                  ▏ 106 MB/4.7 GB  1.8 MB/s  42m29s[K[?25h[?2026l[?2026h[?25l[A[1Gpulling manifest [K
pulling 60e05f210007:   2% ▕                  ▏ 106 MB/4.7 GB  1.8 MB/s  42m29s[K[?25h[?2026l[?2026h[?25l[A[1Gpulling manifest [K
pulling 60e05f210007:   2% ▕                  ▏ 106 MB/4.7 GB  1.8 MB/s  42m29s[K[?25h[?2026l[?2026h[?25l[A[1Gpulling manifest [K
pulling 60e05f210007:   2% ▕                  ▏ 106 MB/4.7 GB  1.8 MB/s  42m29s[K[?25h[?2026l[?2026h[?25l[A[1Gpulling manifest [K
pulling 60e05f210007:   2% ▕                  ▏ 107 MB/4.7 GB  1.8 MB/s  42m29s[K[?25h[?2026l[?2026h[?25l[A[1Gpulling manifest [K
pulling 60e05f210007:   2% ▕                  ▏ 107 MB/4.7 GB  1.8 MB/s  42m29s[K[?25h[?2026l[?2026h[?25l[A[1Gpulling manifest [K
pulling 60e05f210007:   2% ▕                  ▏ 107 MB/4.7 GB  1.8 MB/s  42m29s[K[?25h[?2026l[?2026h[?25l[A[1Gpulling manifest [K
pulling 60e05f210007:   2% ▕                  ▏ 107 MB/4.7 GB  1.8 MB/s   43m8s[K[?25h[?2026l[?2026h[?25l[A[1Gpulling manifest [K
pulling 60e05f210007:   2% ▕                  ▏ 107 MB/4.7 GB  1.8 MB/s   43m8s[K[?25h[?2026l[?2026h[?25l[A[1Gpulling manifest [K
pulling 60e05f210007:   2% ▕                  ▏ 107 MB/4.7 GB  1.8 MB/s   43m8s[K[?25h[?2026l[?2026h[?25l[A[1Gpulling manifest [K
pulling 60e05f210007:   2% ▕                  ▏ 108 MB/4.7 GB  1.8 MB/s   43m8s[K[?25h[?2026l[?2026h[?25l[A[1Gpulling manifest [K
pulling 60e05f210007:   2% ▕                  ▏ 108 MB/4.7 GB  1.8 MB/s   43m8s[K[?25h[?2026l[?2026h[?25l[A[1Gpulling manifest [K
pulling 60e05f210007:   2% ▕                  ▏ 108 MB/4.7 GB  1.8 MB/s   43m8s[K[?25h[?2026l[?2026h[?25l[A[1Gpulling manifest [K
pulling 60e05f210007:   2% ▕                  ▏ 108 MB/4.7 GB  1.8 MB/s   43m8s[K[?25h[?2026l[?2026h[?25l[A[1Gpulling manifest [K
pulling 60e05f210007:   2% ▕                  ▏ 108 MB/4.7 GB  1.8 MB/s   43m7s[K[?25h[?2026l[?2026h[?25l[A[1Gpulling manifest [K
pulling 60e05f210007:   2% ▕                  ▏ 109 MB/4.7 GB  1.8 MB/s   43m7s[K[?25h[?2026l[?2026h[?25l[A[1Gpulling manifest [K
pulling 60e05f210007:   2% ▕                  ▏ 109 MB/4.7 GB  1.8 MB/s   43m7s[K[?25h[?2026l[?2026h[?25l[A[1Gpulling manifest [K
pulling 60e05f210007:   2% ▕                  ▏ 109 MB/4.7 GB  1.8 MB/s   43m7s[K[?25h[?2026l[?2026h[?25l[A[1Gpulling manifest [K
pulling 60e05f210007:   2% ▕                  ▏ 109 MB/4.7 GB  1.8 MB/s  42m34s[K[?25h[?2026l[?2026h[?25l[A[1Gpulling manifest [K
pulling 60e05f210007:   2% ▕                  ▏ 109 MB/4.7 GB  1.8 MB/s  42m34s[K[?25h[?2026l[?2026h[?25l[A[1Gpulling manifest [K
pulling 60e05f210007:   2% ▕                  ▏ 109 MB/4.7 GB  1.8 MB/s  42m34s[K[?25h[?2026l[?2026h[?25l[A[1Gpulling manifest [K
pulling 60e05f210007:   2% ▕                  ▏ 110 MB/4.7 GB  1.8 MB/s  42m34s[K[?25h[?2026l[?2026h[?25l[A[1Gpulling manifest [K
pulling 60e05f210007:   2% ▕                  ▏ 110 MB/4.7 GB  1.8 MB/s  42m34s[K[?25h[?2026l[?2026h[?25l[A[1Gpulling manifest [K
pulling 60e05f210007:   2% ▕                  ▏ 110 MB/4.7 GB  1.8 MB/s  42m34s[K[?25h[?2026l[?2026h[?25l[A[1Gpulling manifest [K
pulling 60e05f210007:   2% ▕                  ▏ 110 MB/4.7 GB  1.8 MB/s  42m34s[K[?25h[?2026l[?2026h[?25l[A[1Gpulling manifest [K
pulling 60e05f210007:   2% ▕                  ▏ 110 MB/4.7 GB  1.8 MB/s  42m33s[K[?25h[?2026l[?2026h[?25l[A[1Gpulling manifest [K
pulling 60e05f210007:   2% ▕                  ▏ 110 MB/4.7 GB  1.8 MB/s  42m33s[K[?25h[?2026l[?2026h[?25l[A[1Gpulling manifest [K
pulling 60e05f210007:   2% ▕                  ▏ 111 MB/4.7 GB  1.8 MB/s  42m33s[K[?25h[?2026l[?2026h[?25l[A[1Gpulling manifest [K
pulling 60e05f210007:   2% ▕                  ▏ 111 MB/4.7 GB  1.8 MB/s  42m25s[K[?25h[?2026l[?2026h[?25l[A[1Gpulling manifest [K
pulling 60e05f210007:   2% ▕                  ▏ 111 MB/4.7 GB  1.8 MB/s  42m25s[K[?25h[?2026l[?2026h[?25l[A[1Gpulling manifest [K
pulling 60e05f210007:   2% ▕                  ▏ 111 MB/4.7 GB  1.8 MB/s  42m25s[K[?25h[?2026l[?2026h[?25l[A[1Gpulling manifest [K
pulling 60e05f210007:   2% ▕                  ▏ 111 MB/4.7 GB  1.8 MB/s  42m25s[K[?25h[?2026l[?2026h[?25l[A[1Gpulling manifest [K
pulling 60e05f210007:   2% ▕                  ▏ 112 MB/4.7 GB  1.8 MB/s  42m25s[K[?25h[?2026l[?2026h[?25l[A[1Gpulling manifest [K
pulling 60e05f210007:   2% ▕                  ▏ 112 MB/4.7 GB  1.8 MB/s  42m25s[K[?25h[?2026l[?2026h[?25l[A[1Gpulling manifest [K
pulling 60e05f210007:   2% ▕                  ▏ 112 MB/4.7 GB  1.8 MB/s  42m25s[K[?25h[?2026l[?2026h[?25l[A[1Gpulling manifest [K
pulling 60e05f210007:   2% ▕                  ▏ 112 MB/4.7 GB  1.8 MB/s  42m25s[K[?25h[?2026l[?2026h[?25l[A[1Gpulling manifest [K
pulling 60e05f210007:   2% ▕                  ▏ 112 MB/4.7 GB  1.8 MB/s  42m25s[K[?25h[?2026l[?2026h[?25l[A[1Gpulling manifest [K
pulling 60e05f210007:   2% ▕                  ▏ 112 MB/4.7 GB  1.8 MB/s  42m24s[K[?25h[?2026l[?2026h[?25l[A[1Gpulling manifest [K
pulling 60e05f210007:   2% ▕                  ▏ 113 MB/4.7 GB  1.8 MB/s  42m41s[K[?25h[?2026l[?2026h[?25l[A[1Gpulling manifest [K
pulling 60e05f210007:   2% ▕                  ▏ 113 MB/4.7 GB  1.8 MB/s  42m41s[K[?25h[?2026l[?2026h[?25l[A[1Gpulling manifest [K
pulling 60e05f210007:   2% ▕                  ▏ 113 MB/4.7 GB  1.8 MB/s  42m41s[K[?25h[?2026l[?2026h[?25l[A[1Gpulling manifest [K
pulling 60e05f210007:   2% ▕                  ▏ 113 MB/4.7 GB  1.8 MB/s  42m41s[K[?25h[?2026l[?2026h[?25l[A[1Gpulling manifest [K
pulling 60e05f210007:   2% ▕                  ▏ 113 MB/4.7 GB  1.8 MB/s  42m41s[K[?25h[?2026l[?2026h[?25l[A[1Gpulling manifest [K
pulling 60e05f210007:   2% ▕                  ▏ 114 MB/4.7 GB  1.8 MB/s  42m41s[K[?25h[?2026l[?2026h[?25l[A[1Gpulling manifest [K
pulling 60e05f210007:   2% ▕                  ▏ 114 MB/4.7 GB  1.8 MB/s  42m41s[K[?25h[?2026l[?2026h[?25l[A[1Gpulling manifest [K
pulling 60e05f210007:   2% ▕                  ▏ 114 MB/4.7 GB  1.8 MB/s  42m40s[K[?25h[?2026l[?2026h[?25l[A[1Gpulling manifest [K
pulling 60e05f210007:   2% ▕                  ▏ 114 MB/4.7 GB  1.8 MB/s  42m40s[K[?25h[?2026l[?2026h[?25l[A[1Gpulling manifest [K
pulling 60e05f210007:   2% ▕                  ▏ 114 MB/4.7 GB  1.8 MB/s  42m40s[K[?25h[?2026l[?2026h[?25l[A[1Gpulling manifest [K
pulling 60e05f210007:   2% ▕                  ▏ 114 MB/4.7 GB  1.8 MB/s  42m48s[K[?25h[?2026l[?2026h[?25l[A[1Gpulling manifest [K
pulling 60e05f210007:   2% ▕                  ▏ 115 MB/4.7 GB  1.8 MB/s  42m48s[K[?25h[?2026l[?2026h[?25l[A[1Gpulling manifest [K
pulling 60e05f210007:   2% ▕                  ▏ 115 MB/4.7 GB  1.8 MB/s  42m48s[K[?25h[?2026l[?2026h[?25l[A[1Gpulling manifest [K
pulling 60e05f210007:   2% ▕                  ▏ 115 MB/4.7 GB  1.8 MB/s  42m48s[K[?25h[?2026l[?2026h[?25l[A[1Gpulling manifest [K
pulling 60e05f210007:   2% ▕                  ▏ 115 MB/4.7 GB  1.8 MB/s  42m47s[K[?25h[?2026l[?2026h[?25l[A[1Gpulling manifest [K
pulling 60e05f210007:   2% ▕                  ▏ 115 MB/4.7 GB  1.8 MB/s  42m47s[K[?25h[?2026l[?2026h[?25l[A[1Gpulling manifest [K
pulling 60e05f210007:   2% ▕                  ▏ 115 MB/4.7 GB  1.8 MB/s  42m47s[K[?25h[?2026l[?2026h[?25l[A[1Gpulling manifest [K
pulling 60e05f210007:   2% ▕                  ▏ 116 MB/4.7 GB  1.8 MB/s  42m47s[K[?25h[?2026l[?2026h[?25l[A[1Gpulling manifest [K
pulling 60e05f210007:   2% ▕                  ▏ 116 MB/4.7 GB  1.8 MB/s  42m47s[K[?25h[?2026l[?2026h[?25l[A[1Gpulling manifest [K
pulling 60e05f210007:   2% ▕                  ▏ 116 MB/4.7 GB  1.8 MB/s  42m47s[K[?25h[?2026l[?2026h[?25l[A[1Gpulling manifest [K
pulling 60e05f210007:   2% ▕                  ▏ 116 MB/4.7 GB  1.8 MB/s  42m45s[K[?25h[?2026l[?2026h[?25l[A[1Gpulling manifest [K
pulling 60e05f210007:   2% ▕                  ▏ 116 MB/4.7 GB  1.8 MB/s  42m45s[K[?25h[?2026l[?2026h[?25l[A[1Gpulling manifest [K
pulling 60e05f210007:   2% ▕                  ▏ 116 MB/4.7 GB  1.8 MB/s  42m45s[K[?25h[?2026l[?2026h[?25l[A[1Gpulling manifest [K
pulling 60e05f210007:   3% ▕                  ▏ 117 MB/4.7 GB  1.8 MB/s  42m45s[K[?25h[?2026l[?2026h[?25l[A[1Gpulling manifest [K
pulling 60e05f210007:   3% ▕                  ▏ 117 MB/4.7 GB  1.8 MB/s  42m45s[K[?25h[?2026l[?2026h[?25l[A[1Gpulling manifest [K
pulling 60e05f210007:   3% ▕                  ▏ 117 MB/4.7 GB  1.8 MB/s  42m45s[K[?25h[?2026l[?2026h[?25l[A[1Gpulling manifest [K
pulling 60e05f210007:   3% ▕                  ▏ 117 MB/4.7 GB  1.8 MB/s  42m44s[K[?25h[?2026l[?2026h[?25l[A[1Gpulling manifest [K
pulling 60e05f210007:   3% ▕                  ▏ 117 MB/4.7 GB  1.8 MB/s  42m44s[K[?25h[?2026l[?2026h[?25l[A[1Gpulling manifest [K
pulling 60e05f210007:   3% ▕                  ▏ 118 MB/4.7 GB  1.8 MB/s  42m44s[K[?25h[?2026l[?2026h[?25l[A[1Gpulling manifest [K
pulling 60e05f210007:   3% ▕                  ▏ 118 MB/4.7 GB  1.8 MB/s  42m44s[K[?25h[?2026l[?2026h[?25l[A[1Gpulling manifest [K
pulling 60e05f210007:   3% ▕                  ▏ 118 MB/4.7 GB  1.8 MB/s  42m44s[K[?25h[?2026l[?2026h[?25l[A[1Gpulling manifest [K
pulling 60e05f210007:   3% ▕                  ▏ 118 MB/4.7 GB  1.8 MB/s  42m54s[K[?25h[?2026l[?2026h[?25l[A[1Gpulling manifest [K
pulling 60e05f210007:   3% ▕                  ▏ 118 MB/4.7 GB  1.8 MB/s  42m54s[K[?25h[?2026l[?2026h[?25l[A[1Gpulling manifest [K
pulling 60e05f210007:   3% ▕                  ▏ 118 MB/4.7 GB  1.8 MB/s  42m54s[K[?25h[?2026l[?2026h[?25l[A[1Gpulling manifest [K
pulling 60e05f210007:   3% ▕                  ▏ 119 MB/4.7 GB  1.8 MB/s  42m54s[K[?25h[?2026l[?2026h[?25l[A[1Gpulling manifest [K
pulling 60e05f210007:   3% ▕                  ▏ 119 MB/4.7 GB  1.8 MB/s  42m54s[K[?25h[?2026l[?2026h[?25l[A[1Gpulling manifest [K
pulling 60e05f210007:   3% ▕                  ▏ 119 MB/4.7 GB  1.8 MB/s  42m54s[K[?25h[?2026l[?2026h[?25l[A[1Gpulling manifest [K
pulling 60e05f210007:   3% ▕                  ▏ 119 MB/4.7 GB  1.8 MB/s  42m53s[K[?25h[?2026l[?2026h[?25l[A[1Gpulling manifest [K
pulling 60e05f210007:   3% ▕                  ▏ 119 MB/4.7 GB  1.8 MB/s  42m53s[K[?25h[?2026l[?2026h[?25l[A[1Gpulling manifest [K
pulling 60e05f210007:   3% ▕                  ▏ 119 MB/4.7 GB  1.8 MB/s  42m53s[K[?25h[?2026l[?2026h[?25l[A[1Gpulling manifest [K
pulling 60e05f210007:   3% ▕                  ▏ 120 MB/4.7 GB  1.8 MB/s  42m53s[K[?25h[?2026l[?2026h[?25l[A[1Gpulling manifest [K
pulling 60e05f210007:   3% ▕                  ▏ 120 MB/4.7 GB  1.8 MB/s  42m35s[K[?25h[?2026l[?2026h[?25l[A[1Gpulling manifest [K
pulling 60e05f210007:   3% ▕                  ▏ 120 MB/4.7 GB  1.8 MB/s  42m35s[K[?25h[?2026l[?2026h[?25l[A[1Gpulling manifest [K
pulling 60e05f210007:   3% ▕                  ▏ 120 MB/4.7 GB  1.8 MB/s  42m34s[K[?25h[?2026l[?2026h[?25l[A[1Gpulling manifest [K
pulling 60e05f210007:   3% ▕                  ▏ 120 MB/4.7 GB  1.8 MB/s  42m34s[K[?25h[?2026l[?2026h[?25l[A[1Gpulling manifest [K
pulling 60e05f210007:   3% ▕                  ▏ 120 MB/4.7 GB  1.8 MB/s  42m34s[K[?25h[?2026l[?2026h[?25l[A[1Gpulling manifest [K
pulling 60e05f210007:   3% ▕                  ▏ 121 MB/4.7 GB  1.8 MB/s  42m34s[K[?25h[?2026l[?2026h[?25l[A[1Gpulling manifest [K
pulling 60e05f210007:   3% ▕                  ▏ 121 MB/4.7 GB  1.8 MB/s  42m34s[K[?25h[?2026l[?2026h[?25l[A[1Gpulling manifest [K
pulling 60e05f210007:   3% ▕                  ▏ 121 MB/4.7 GB  1.8 MB/s  42m34s[K[?25h[?2026l[?2026h[?25l[A[1Gpulling manifest [K
pulling 60e05f210007:   3% ▕                  ▏ 121 MB/4.7 GB  1.8 MB/s  42m34s[K[?25h[?2026l[?2026h[?25l[A[1Gpulling manifest [K
pulling 60e05f210007:   3% ▕                  ▏ 121 MB/4.7 GB  1.8 MB/s  42m34s[K[?25h[?2026l[?2026h[?25l[A[1Gpulling manifest [K
pulling 60e05f210007:   3% ▕                  ▏ 121 MB/4.7 GB  1.8 MB/s  42m34s[K[?25h[?2026l[?2026h[?25l[A[1Gpulling manifest [K
pulling 60e05f210007:   3% ▕                  ▏ 122 MB/4.7 GB  1.8 MB/s  42m34s[K[?25h[?2026l[?2026h[?25l[A[1Gpulling manifest [K
pulling 60e05f210007:   3% ▕                  ▏ 122 MB/4.7 GB  1.8 MB/s  42m33s[K[?25h[?2026l[?2026h[?25l[A[1Gpulling manifest [K
pulling 60e05f210007:   3% ▕                  ▏ 122 MB/4.7 GB  1.8 MB/s  42m33s[K[?25h[?2026l[?2026h[?25l[A[1Gpulling manifest [K
pulling 60e05f210007:   3% ▕                  ▏ 122 MB/4.7 GB  1.8 MB/s  42m33s[K[?25h[?2026l[?2026h[?25l[A[1Gpulling manifest [K
pulling 60e05f210007:   3% ▕                  ▏ 122 MB/4.7 GB  1.8 MB/s  42m33s[K[?25h[?2026l[?2026h[?25l[A[1Gpulling manifest [K
pulling 60e05f210007:   3% ▕                  ▏ 123 MB/4.7 GB  1.8 MB/s  42m33s[K[?25h[?2026l[?2026h[?25l[A[1Gpulling manifest [K
pulling 60e05f210007:   3% ▕                  ▏ 123 MB/4.7 GB  1.8 MB/s  42m33s[K[?25h[?2026l[?2026h[?25l[A[1Gpulling manifest [K
pulling 60e05f210007:   3% ▕                  ▏ 123 MB/4.7 GB  1.8 MB/s  42m33s[K[?25h[?2026l[?2026h[?25l[A[1Gpulling manifest [K
pulling 60e05f210007:   3% ▕                  ▏ 123 MB/4.7 GB  1.8 MB/s  42m33s[K[?25h[?2026l[?2026h[?25l[A[1Gpulling manifest [K
pulling 60e05f210007:   3% ▕                  ▏ 123 MB/4.7 GB  1.8 MB/s   42m3s[K[?25h[?2026l[?2026h[?25l[A[1Gpulling manifest [K
pulling 60e05f210007:   3% ▕                  ▏ 123 MB/4.7 GB  1.8 MB/s   42m3s[K[?25h[?2026l[?2026h[?25l[A[1Gpulling manifest [K
pulling 60e05f210007:   3% ▕                  ▏ 124 MB/4.7 GB  1.8 MB/s   42m3s[K[?25h[?2026l[?2026h[?25l[A[1Gpulling manifest [K
pulling 60e05f210007:   3% ▕                  ▏ 124 MB/4.7 GB  1.8 MB/s   42m3s[K[?25h[?2026l[?2026h[?25l[A[1Gpulling manifest [K
pulling 60e05f210007:   3% ▕                  ▏ 124 MB/4.7 GB  1.8 MB/s   42m3s[K[?25h[?2026l[?2026h[?25l[A[1Gpulling manifest [K
pulling 60e05f210007:   3% ▕                  ▏ 124 MB/4.7 GB  1.8 MB/s   42m3s[K[?25h[?2026l[?2026h[?25l[A[1Gpulling manifest [K
pulling 60e05f210007:   3% ▕                  ▏ 124 MB/4.7 GB  1.8 MB/s   42m3s[K[?25h[?2026l[?2026h[?25l[A[1Gpulling manifest [K
pulling 60e05f210007:   3% ▕                  ▏ 125 MB/4.7 GB  1.8 MB/s   42m3s[K[?25h[?2026l[?2026h[?25l[A[1Gpulling manifest [K
pulling 60e05f210007:   3% ▕                  ▏ 125 MB/4.7 GB  1.8 MB/s   42m3s[K[?25h[?2026l[?2026h[?25l[A[1Gpulling manifest [K
pulling 60e05f210007:   3% ▕                  ▏ 125 MB/4.7 GB  1.8 MB/s   42m2s[K[?25h[?2026l[?2026h[?25l[A[1Gpulling manifest [K
pulling 60e05f210007:   3% ▕                  ▏ 125 MB/4.7 GB  1.8 MB/s  42m33s[K[?25h[?2026l[?2026h[?25l[A[1Gpulling manifest [K
pulling 60e05f210007:   3% ▕                  ▏ 125 MB/4.7 GB  1.8 MB/s  42m33s[K[?25h[?2026l[?2026h[?25l[A[1Gpulling manifest [K
pulling 60e05f210007:   3% ▕                  ▏ 125 MB/4.7 GB  1.8 MB/s  42m33s[K[?25h[?2026l[?2026h[?25l[A[1Gpulling manifest [K
pulling 60e05f210007:   3% ▕                  ▏ 126 MB/4.7 GB  1.8 MB/s  42m33s[K[?25h[?2026l[?2026h[?25l[A[1Gpulling manifest [K
pulling 60e05f210007:   3% ▕                  ▏ 126 MB/4.7 GB  1.8 MB/s  42m33s[K[?25h[?2026l[?2026h[?25l[A[1Gpulling manifest [K
pulling 60e05f210007:   3% ▕                  ▏ 126 MB/4.7 GB  1.8 MB/s  42m33s[K[?25h[?2026l[?2026h[?25l[A[1Gpulling manifest [K
pulling 60e05f210007:   3% ▕                  ▏ 126 MB/4.7 GB  1.8 MB/s  42m33s[K[?25h[?2026l[?2026h[?25l[A[1Gpulling manifest [K
pulling 60e05f210007:   3% ▕                  ▏ 126 MB/4.7 GB  1.8 MB/s  42m33s[K[?25h[?2026l[?2026h[?25l[A[1Gpulling manifest [K
pulling 60e05f210007:   3% ▕                  ▏ 126 MB/4.7 GB  1.8 MB/s  42m32s[K[?25h[?2026l[?2026h[?25l[A[1Gpulling manifest [K
pulling 60e05f210007:   3% ▕                  ▏ 127 MB/4.7 GB  1.8 MB/s  42m32s[K[?25h[?2026l[?2026h[?25l[A[1Gpulling manifest [K
pulling 60e05f210007:   3% ▕                  ▏ 127 MB/4.7 GB  1.8 MB/s  42m32s[K[?25h[?2026l[?2026h[?25l[A[1Gpulling manifest [K
pulling 60e05f210007:   3% ▕                  ▏ 127 MB/4.7 GB  1.8 MB/s  42m31s[K[?25h[?2026l[?2026h[?25l[A[1Gpulling manifest [K
pulling 60e05f210007:   3% ▕                  ▏ 127 MB/4.7 GB  1.8 MB/s  42m31s[K[?25h[?2026l[?2026h[?25l[A[1Gpulling manifest [K
pulling 60e05f210007:   3% ▕                  ▏ 127 MB/4.7 GB  1.8 MB/s  42m31s[K[?25h[?2026l[?2026h[?25l[A[1Gpulling manifest [K
pulling 60e05f210007:   3% ▕                  ▏ 127 MB/4.7 GB  1.8 MB/s  42m31s[K[?25h[?2026l[?2026h[?25l[A[1Gpulling manifest [K
pulling 60e05f210007:   3% ▕                  ▏ 128 MB/4.7 GB  1.8 MB/s  42m31s[K[?25h[?2026l[?2026h[?25l[A[1Gpulling manifest [K
pulling 60e05f210007:   3% ▕                  ▏ 128 MB/4.7 GB  1.8 MB/s  42m31s[K[?25h[?2026l[?2026h[?25l[A[1Gpulling manifest [K
pulling 60e05f210007:   3% ▕                  ▏ 128 MB/4.7 GB  1.8 MB/s  42m31s[K[?25h[?2026l[?2026h[?25l[A[1Gpulling manifest [K
pulling 60e05f210007:   3% ▕                  ▏ 128 MB/4.7 GB  1.8 MB/s  42m31s[K[?25h[?2026l[?2026h[?25l[A[1Gpulling manifest [K
pulling 60e05f210007:   3% ▕                  ▏ 128 MB/4.7 GB  1.8 MB/s  42m31s[K[?25h[?2026l[?2026h[?25l[A[1Gpulling manifest [K
pulling 60e05f210007:   3% ▕                  ▏ 128 MB/4.7 GB  1.8 MB/s  42m31s[K[?25h[?2026l[?2026h[?25l[A[1Gpulling manifest [K
pulling 60e05f210007:   3% ▕                  ▏ 129 MB/4.7 GB  1.8 MB/s  42m27s[K[?25h[?2026l[?2026h[?25l[A[1Gpulling manifest [K
pulling 60e05f210007:   3% ▕                  ▏ 129 MB/4.7 GB  1.8 MB/s  42m27s[K[?25h[?2026l[?2026h[?25l[A[1Gpulling manifest [K
pulling 60e05f210007:   3% ▕                  ▏ 129 MB/4.7 GB  1.8 MB/s  42m27s[K[?25h[?2026l[?2026h[?25l[A[1Gpulling manifest [K
pulling 60e05f210007:   3% ▕                  ▏ 129 MB/4.7 GB  1.8 MB/s  42m26s[K[?25h[?2026l[?2026h[?25l[A[1Gpulling manifest [K
pulling 60e05f210007:   3% ▕                  ▏ 129 MB/4.7 GB  1.8 MB/s  42m26s[K[?25h[?2026l[?2026h[?25l[A[1Gpulling manifest [K
pulling 60e05f210007:   3% ▕                  ▏ 130 MB/4.7 GB  1.8 MB/s  42m26s[K[?25h[?2026l[?2026h[?25l[A[1Gpulling manifest [K
pulling 60e05f210007:   3% ▕                  ▏ 130 MB/4.7 GB  1.8 MB/s  42m26s[K[?25h[?2026l[?2026h[?25l[A[1Gpulling manifest [K
pulling 60e05f210007:   3% ▕                  ▏ 130 MB/4.7 GB  1.8 MB/s  42m26s[K[?25h[?2026l[?2026h[?25l[A[1Gpulling manifest [K
pulling 60e05f210007:   3% ▕                  ▏ 130 MB/4.7 GB  1.8 MB/s  42m26s[K[?25h[?2026l[?2026h[?25l[A[1Gpulling manifest [K
pulling 60e05f210007:   3% ▕                  ▏ 130 MB/4.7 GB  1.8 MB/s  42m26s[K[?25h[?2026l[?2026h[?25l[A[1Gpulling manifest [K
pulling 60e05f210007:   3% ▕                  ▏ 130 MB/4.7 GB  1.8 MB/s  42m27s[K[?25h[?2026l[?2026h[?25l[A[1Gpulling manifest [K
pulling 60e05f210007:   3% ▕                  ▏ 131 MB/4.7 GB  1.8 MB/s  42m27s[K[?25h[?2026l[?2026h[?25l[A[1Gpulling manifest [K
pulling 60e05f210007:   3% ▕                  ▏ 131 MB/4.7 GB  1.8 MB/s  42m27s[K[?25h[?2026l[?2026h[?25l[A[1Gpulling manifest [K
pulling 60e05f210007:   3% ▕                  ▏ 131 MB/4.7 GB  1.8 MB/s  42m27s[K[?25h[?2026l[?2026h[?25l[A[1Gpulling manifest [K
pulling 60e05f210007:   3% ▕                  ▏ 131 MB/4.7 GB  1.8 MB/s  42m27s[K[?25h[?2026l[?2026h[?25l[A[1Gpulling manifest [K
pulling 60e05f210007:   3% ▕                  ▏ 131 MB/4.7 GB  1.8 MB/s  42m27s[K[?25h[?2026l[?2026h[?25l[A[1Gpulling manifest [K
pulling 60e05f210007:   3% ▕                  ▏ 131 MB/4.7 GB  1.8 MB/s  42m27s[K[?25h[?2026l[?2026h[?25l[A[1Gpulling manifest [K
pulling 60e05f210007:   3% ▕                  ▏ 132 MB/4.7 GB  1.8 MB/s  42m27s[K[?25h[?2026l[?2026h[?25l[A[1Gpulling manifest [K
pulling 60e05f210007:   3% ▕                  ▏ 132 MB/4.7 GB  1.8 MB/s  42m27s[K[?25h[?2026l[?2026h[?25l[A[1Gpulling manifest [K
pulling 60e05f210007:   3% ▕                  ▏ 132 MB/4.7 GB  1.8 MB/s  42m26s[K[?25h[?2026l[?2026h[?25l[A[1Gpulling manifest [K
pulling 60e05f210007:   3% ▕                  ▏ 132 MB/4.7 GB  1.8 MB/s  42m24s[K[?25h[?2026l[?2026h[?25l[A[1Gpulling manifest [K
pulling 60e05f210007:   3% ▕                  ▏ 132 MB/4.7 GB  1.8 MB/s  42m24s[K[?25h[?2026l[?2026h[?25l[A[1Gpulling manifest [K
pulling 60e05f210007:   3% ▕                  ▏ 133 MB/4.7 GB  1.8 MB/s  42m24s[K[?25h[?2026l[?2026h[?25l[A[1Gpulling manifest [K
pulling 60e05f210007:   3% ▕                  ▏ 133 MB/4.7 GB  1.8 MB/s  42m23s[K[?25h[?2026l[?2026h[?25l[A[1Gpulling manifest [K
pulling 60e05f210007:   3% ▕                  ▏ 133 MB/4.7 GB  1.8 MB/s  42m23s[K[?25h[?2026l[?2026h[?25l[A[1Gpulling manifest [K
pulling 60e05f210007:   3% ▕                  ▏ 133 MB/4.7 GB  1.8 MB/s  42m23s[K[?25h[?2026l[?2026h[?25l[A[1Gpulling manifest [K
pulling 60e05f210007:   3% ▕                  ▏ 133 MB/4.7 GB  1.8 MB/s  42m23s[K[?25h[?2026l[?2026h[?25l[A[1Gpulling manifest [K
pulling 60e05f210007:   3% ▕                  ▏ 133 MB/4.7 GB  1.8 MB/s  42m23s[K[?25h[?2026l[?2026h[?25l[A[1Gpulling manifest [K
pulling 60e05f210007:   3% ▕                  ▏ 134 MB/4.7 GB  1.8 MB/s  42m23s[K[?25h[?2026l[?2026h[?25l[A[1Gpulling manifest [K
pulling 60e05f210007:   3% ▕                  ▏ 134 MB/4.7 GB  1.8 MB/s  42m23s[K[?25h[?2026l[?2026h[?25l[A[1Gpulling manifest [K
pulling 60e05f210007:   3% ▕                  ▏ 134 MB/4.7 GB  1.8 MB/s  42m17s[K[?25h[?2026l[?2026h[?25l[A[1Gpulling manifest [K
pulling 60e05f210007:   3% ▕                  ▏ 134 MB/4.7 GB  1.8 MB/s  42m17s[K[?25h[?2026l[?2026h[?25l[A[1Gpulling manifest [K
pulling 60e05f210007:   3% ▕                  ▏ 134 MB/4.7 GB  1.8 MB/s  42m17s[K[?25h[?2026l[?2026h[?25l[A[1Gpulling manifest [K
pulling 60e05f210007:   3% ▕                  ▏ 135 MB/4.7 GB  1.8 MB/s  42m17s[K[?25h[?2026l[?2026h[?25l[A[1Gpulling manifest [K
pulling 60e05f210007:   3% ▕                  ▏ 135 MB/4.7 GB  1.8 MB/s  42m17s[K[?25h[?2026l[?2026h[?25l[A[1Gpulling manifest [K
pulling 60e05f210007:   3% ▕                  ▏ 135 MB/4.7 GB  1.8 MB/s  42m17s[K[?25h[?2026l[?2026h[?25l[A[1Gpulling manifest [K
pulling 60e05f210007:   3% ▕                  ▏ 135 MB/4.7 GB  1.8 MB/s  42m17s[K[?25h[?2026l[?2026h[?25l[A[1Gpulling manifest [K
pulling 60e05f210007:   3% ▕                  ▏ 135 MB/4.7 GB  1.8 MB/s  42m17s[K[?25h[?2026l[?2026h[?25l[A[1Gpulling manifest [K
pulling 60e05f210007:   3% ▕                  ▏ 135 MB/4.7 GB  1.8 MB/s  42m17s[K[?25h[?2026l[?2026h[?25l[A[1Gpulling manifest [K
pulling 60e05f210007:   3% ▕                  ▏ 136 MB/4.7 GB  1.8 MB/s  42m17s[K[?25h[?2026l[?2026h[?25l[A[1Gpulling manifest [K
pulling 60e05f210007:   3% ▕                  ▏ 136 MB/4.7 GB  1.8 MB/s  42m16s[K[?25h[?2026l[?2026h[?25l[A[1Gpulling manifest [K
pulling 60e05f210007:   3% ▕                  ▏ 136 MB/4.7 GB  1.8 MB/s  42m27s[K[?25h[?2026l[?2026h[?25l[A[1Gpulling manifest [K
pulling 60e05f210007:   3% ▕                  ▏ 136 MB/4.7 GB  1.8 MB/s  42m27s[K[?25h[?2026l[?2026h[?25l[A[1Gpulling manifest [K
pulling 60e05f210007:   3% ▕                  ▏ 136 MB/4.7 GB  1.8 MB/s  42m27s[K[?25h[?2026l[?2026h[?25l[A[1Gpulling manifest [K
pulling 60e05f210007:   3% ▕                  ▏ 136 MB/4.7 GB  1.8 MB/s  42m26s[K[?25h[?2026l[?2026h[?25l[A[1Gpulling manifest [K
pulling 60e05f210007:   3% ▕                  ▏ 137 MB/4.7 GB  1.8 MB/s  42m26s[K[?25h[?2026l[?2026h[?25l[A[1Gpulling manifest [K
pulling 60e05f210007:   3% ▕                  ▏ 137 MB/4.7 GB  1.8 MB/s  42m26s[K[?25h[?2026l[?2026h[?25l[A[1Gpulling manifest [K
pulling 60e05f210007:   3% ▕                  ▏ 137 MB/4.7 GB  1.8 MB/s  42m26s[K[?25h[?2026l[?2026h[?25l[A[1Gpulling manifest [K
pulling 60e05f210007:   3% ▕                  ▏ 137 MB/4.7 GB  1.8 MB/s  42m26s[K[?25h[?2026l[?2026h[?25l[A[1Gpulling manifest [K
pulling 60e05f210007:   3% ▕                  ▏ 137 MB/4.7 GB  1.8 MB/s  42m26s[K[?25h[?2026l[?2026h[?25l[A[1Gpulling manifest [K
pulling 60e05f210007:   3% ▕                  ▏ 137 MB/4.7 GB  1.8 MB/s  42m26s[K[?25h[?2026l[?2026h[?25l[A[1Gpulling manifest [K
pulling 60e05f210007:   3% ▕                  ▏ 138 MB/4.7 GB  1.8 MB/s  42m31s[K[?25h[?2026l[?2026h[?25l[A[1Gpulling manifest [K
pulling 60e05f210007:   3% ▕                  ▏ 138 MB/4.7 GB  1.8 MB/s  42m31s[K[?25h[?2026l[?2026h[?25l[A[1Gpulling manifest [K
pulling 60e05f210007:   3% ▕                  ▏ 138 MB/4.7 GB  1.8 MB/s  42m31s[K[?25h[?2026l[?2026h[?25l[A[1Gpulling manifest [K
pulling 60e05f210007:   3% ▕                  ▏ 138 MB/4.7 GB  1.8 MB/s  42m31s[K[?25h[?2026l[?2026h[?25l[A[1Gpulling manifest [K
pulling 60e05f210007:   3% ▕                  ▏ 138 MB/4.7 GB  1.8 MB/s  42m31s[K[?25h[?2026l[?2026h[?25l[A[1Gpulling manifest [K
pulling 60e05f210007:   3% ▕                  ▏ 138 MB/4.7 GB  1.8 MB/s  42m30s[K[?25h[?2026l[?2026h[?25l[A[1Gpulling manifest [K
pulling 60e05f210007:   3% ▕                  ▏ 139 MB/4.7 GB  1.8 MB/s  42m30s[K[?25h[?2026l[?2026h[?25l[A[1Gpulling manifest [K
pulling 60e05f210007:   3% ▕                  ▏ 139 MB/4.7 GB  1.8 MB/s  42m30s[K[?25h[?2026l[?2026h[?25l[A[1Gpulling manifest [K
pulling 60e05f210007:   3% ▕                  ▏ 139 MB/4.7 GB  1.8 MB/s  42m30s[K[?25h[?2026l[?2026h[?25l[A[1Gpulling manifest [K
pulling 60e05f210007:   3% ▕                  ▏ 139 MB/4.7 GB  1.8 MB/s  42m30s[K[?25h[?2026l[?2026h[?25l[A[1Gpulling manifest [K
pulling 60e05f210007:   3% ▕                  ▏ 139 MB/4.7 GB  1.8 MB/s  42m27s[K[?25h[?2026l[?2026h[?25l[A[1Gpulling manifest [K
pulling 60e05f210007:   3% ▕                  ▏ 140 MB/4.7 GB  1.8 MB/s  42m27s[K[?25h[?2026l[?2026h[?25l[A[1Gpulling manifest [K
pulling 60e05f210007:   3% ▕                  ▏ 140 MB/4.7 GB  1.8 MB/s  42m27s[K[?25h[?2026l[?2026h[?25l[A[1Gpulling manifest [K
pulling 60e05f210007:   3% ▕                  ▏ 140 MB/4.7 GB  1.8 MB/s  42m26s[K[?25h[?2026l[?2026h[?25l[A[1Gpulling manifest [K
pulling 60e05f210007:   3% ▕                  ▏ 140 MB/4.7 GB  1.8 MB/s  42m26s[K[?25h[?2026l[?2026h[?25l[A[1Gpulling manifest [K
pulling 60e05f210007:   3% ▕                  ▏ 140 MB/4.7 GB  1.8 MB/s  42m26s[K[?25h[?2026l[?2026h[?25l[A[1Gpulling manifest [K
pulling 60e05f210007:   3% ▕                  ▏ 140 MB/4.7 GB  1.8 MB/s  42m26s[K[?25h[?2026l[?2026h[?25l[A[1Gpulling manifest [K
pulling 60e05f210007:   3% ▕                  ▏ 141 MB/4.7 GB  1.8 MB/s  42m26s[K[?25h[?2026l[?2026h[?25l[A[1Gpulling manifest [K
pulling 60e05f210007:   3% ▕                  ▏ 141 MB/4.7 GB  1.8 MB/s  42m26s[K[?25h[?2026l[?2026h[?25l[A[1Gpulling manifest [K
pulling 60e05f210007:   3% ▕                  ▏ 141 MB/4.7 GB  1.8 MB/s  42m26s[K[?25h[?2026l[?2026h[?25l[A[1Gpulling manifest [K
pulling 60e05f210007:   3% ▕                  ▏ 141 MB/4.7 GB  1.8 MB/s  42m26s[K[?25h[?2026l[?2026h[?25l[A[1Gpulling manifest [K
pulling 60e05f210007:   3% ▕                  ▏ 141 MB/4.7 GB  1.8 MB/s  42m26s[K[?25h[?2026l[?2026h[?25l[A[1Gpulling manifest [K
pulling 60e05f210007:   3% ▕                  ▏ 141 MB/4.7 GB  1.8 MB/s  42m26s[K[?25h[?2026l[?2026h[?25l[A[1Gpulling manifest [K
pulling 60e05f210007:   3% ▕                  ▏ 142 MB/4.7 GB  1.8 MB/s  42m25s[K[?25h[?2026l[?2026h[?25l[A[1Gpulling manifest [K
pulling 60e05f210007:   3% ▕                  ▏ 142 MB/4.7 GB  1.8 MB/s  42m25s[K[?25h[?2026l[?2026h[?25l[A[1Gpulling manifest [K
pulling 60e05f210007:   3% ▕                  ▏ 142 MB/4.7 GB  1.8 MB/s  42m25s[K[?25h[?2026l[?2026h[?25l[A[1Gpulling manifest [K
pulling 60e05f210007:   3% ▕                  ▏ 142 MB/4.7 GB  1.8 MB/s  42m25s[K[?25h[?2026l[?2026h[?25l[A[1Gpulling manifest [K
pulling 60e05f210007:   3% ▕                  ▏ 142 MB/4.7 GB  1.8 MB/s  42m25s[K[?25h[?2026l[?2026h[?25l[A[1Gpulling manifest [K
pulling 60e05f210007:   3% ▕                  ▏ 142 MB/4.7 GB  1.8 MB/s  42m25s[K[?25h[?2026l[?2026h[?25l[A[1Gpulling manifest [K
pulling 60e05f210007:   3% ▕                  ▏ 143 MB/4.7 GB  1.8 MB/s  42m25s[K[?25h[?2026l[?2026h[?25l[A[1Gpulling manifest [K
pulling 60e05f210007:   3% ▕                  ▏ 143 MB/4.7 GB  1.8 MB/s  42m27s[K[?25h[?2026l[?2026h[?25l[A[1Gpulling manifest [K
pulling 60e05f210007:   3% ▕                  ▏ 143 MB/4.7 GB  1.8 MB/s  42m27s[K[?25h[?2026l[?2026h[?25l[A[1Gpulling manifest [K
pulling 60e05f210007:   3% ▕                  ▏ 143 MB/4.7 GB  1.8 MB/s  42m27s[K[?25h[?2026l[?2026h[?25l[A[1Gpulling manifest [K
pulling 60e05f210007:   3% ▕                  ▏ 143 MB/4.7 GB  1.8 MB/s  42m27s[K[?25h[?2026l[?2026h[?25l[A[1Gpulling manifest [K
pulling 60e05f210007:   3% ▕                  ▏ 143 MB/4.7 GB  1.8 MB/s  42m26s[K[?25h[?2026l[?2026h[?25l[A[1Gpulling manifest [K
pulling 60e05f210007:   3% ▕                  ▏ 144 MB/4.7 GB  1.8 MB/s  42m26s[K[?25h[?2026l[?2026h[?25l[A[1Gpulling manifest [K
pulling 60e05f210007:   3% ▕                  ▏ 144 MB/4.7 GB  1.8 MB/s  42m26s[K[?25h[?2026l[?2026h[?25l[A[1Gpulling manifest [K
pulling 60e05f210007:   3% ▕                  ▏ 144 MB/4.7 GB  1.8 MB/s  42m26s[K[?25h[?2026l[?2026h[?25l[A[1Gpulling manifest [K
pulling 60e05f210007:   3% ▕                  ▏ 144 MB/4.7 GB  1.8 MB/s  42m26s[K[?25h[?2026l[?2026h[?25l[A[1Gpulling manifest [K
pulling 60e05f210007:   3% ▕                  ▏ 144 MB/4.7 GB  1.8 MB/s  42m26s[K[?25h[?2026l[?2026h[?25l[A[1Gpulling manifest [K
pulling 60e05f210007:   3% ▕                  ▏ 145 MB/4.7 GB  1.8 MB/s  42m26s[K[?25h[?2026l[?2026h[?25l[A[1Gpulling manifest [K
pulling 60e05f210007:   3% ▕                  ▏ 145 MB/4.7 GB  1.8 MB/s  42m36s[K[?25h[?2026l[?2026h[?25l[A[1Gpulling manifest [K
pulling 60e05f210007:   3% ▕                  ▏ 145 MB/4.7 GB  1.8 MB/s  42m36s[K[?25h[?2026l[?2026h[?25l[A[1Gpulling manifest [K
pulling 60e05f210007:   3% ▕                  ▏ 145 MB/4.7 GB  1.8 MB/s  42m36s[K[?25h[?2026l[?2026h[?25l[A[1Gpulling manifest [K
pulling 60e05f210007:   3% ▕                  ▏ 145 MB/4.7 GB  1.8 MB/s  42m36s[K[?25h[?2026l[?2026h[?25l[A[1Gpulling manifest [K
pulling 60e05f210007:   3% ▕                  ▏ 146 MB/4.7 GB  1.8 MB/s  42m36s[K[?25h[?2026l[?2026h[?25l[A[1Gpulling manifest [K
pulling 60e05f210007:   3% ▕                  ▏ 146 MB/4.7 GB  1.8 MB/s  42m36s[K[?25h[?2026l[?2026h[?25l[A[1Gpulling manifest [K
pulling 60e05f210007:   3% ▕                  ▏ 146 MB/4.7 GB  1.8 MB/s  42m36s[K[?25h[?2026l[?2026h[?25l[A[1Gpulling manifest [K
pulling 60e05f210007:   3% ▕                  ▏ 146 MB/4.7 GB  1.8 MB/s  42m36s[K[?25h[?2026l[?2026h[?25l[A[1Gpulling manifest [K
pulling 60e05f210007:   3% ▕                  ▏ 146 MB/4.7 GB  1.8 MB/s  42m36s[K[?25h[?2026l[?2026h[?25l[A[1Gpulling manifest [K
pulling 60e05f210007:   3% ▕                  ▏ 146 MB/4.7 GB  1.8 MB/s  42m36s[K[?25h[?2026l[?2026h[?25l[A[1Gpulling manifest [K
pulling 60e05f210007:   3% ▕                  ▏ 147 MB/4.7 GB  1.8 MB/s  42m20s[K[?25h[?2026l[?2026h[?25l[A[1Gpulling manifest [K
pulling 60e05f210007:   3% ▕                  ▏ 147 MB/4.7 GB  1.8 MB/s  42m20s[K[?25h[?2026l[?2026h[?25l[A[1Gpulling manifest [K
pulling 60e05f210007:   3% ▕                  ▏ 147 MB/4.7 GB  1.8 MB/s  42m20s[K[?25h[?2026l[?2026h[?25l[A[1Gpulling manifest [K
pulling 60e05f210007:   3% ▕                  ▏ 147 MB/4.7 GB  1.8 MB/s  42m20s[K[?25h[?2026l[?2026h[?25l[A[1Gpulling manifest [K
pulling 60e05f210007:   3% ▕                  ▏ 147 MB/4.7 GB  1.8 MB/s  42m20s[K[?25h[?2026l[?2026h[?25l[A[1Gpulling manifest [K
pulling 60e05f210007:   3% ▕                  ▏ 147 MB/4.7 GB  1.8 MB/s  42m20s[K[?25h[?2026l[?2026h[?25l[A[1Gpulling manifest [K
pulling 60e05f210007:   3% ▕                  ▏ 148 MB/4.7 GB  1.8 MB/s  42m20s[K[?25h[?2026l[?2026h[?25l[A[1Gpulling manifest [K
pulling 60e05f210007:   3% ▕                  ▏ 148 MB/4.7 GB  1.8 MB/s  42m20s[K[?25h[?2026l[?2026h[?25l[A[1Gpulling manifest [K
pulling 60e05f210007:   3% ▕                  ▏ 148 MB/4.7 GB  1.8 MB/s  42m19s[K[?25h[?2026l[?2026h[?25l[A[1Gpulling manifest [K
pulling 60e05f210007:   3% ▕                  ▏ 148 MB/4.7 GB  1.8 MB/s  42m19s[K[?25h[?2026l[?2026h[?25l[A[1Gpulling manifest [K
pulling 60e05f210007:   3% ▕                  ▏ 148 MB/4.7 GB  1.8 MB/s  42m22s[K[?25h[?2026l[?2026h[?25l[A[1Gpulling manifest [K
pulling 60e05f210007:   3% ▕                  ▏ 148 MB/4.7 GB  1.8 MB/s  42m22s[K[?25h[?2026l[?2026h[?25l[A[1Gpulling manifest [K
pulling 60e05f210007:   3% ▕                  ▏ 149 MB/4.7 GB  1.8 MB/s  42m22s[K[?25h[?2026l[?2026h[?25l[A[1Gpulling manifest [K
pulling 60e05f210007:   3% ▕                  ▏ 149 MB/4.7 GB  1.8 MB/s  42m22s[K[?25h[?2026l[?2026h[?25l[A[1Gpulling manifest [K
pulling 60e05f210007:   3% ▕                  ▏ 149 MB/4.7 GB  1.8 MB/s  42m22s[K[?25h[?2026l[?2026h[?25l[A[1Gpulling manifest [K
pulling 60e05f210007:   3% ▕                  ▏ 149 MB/4.7 GB  1.8 MB/s  42m21s[K[?25h[?2026l[?2026h[?25l[A[1Gpulling manifest [K
pulling 60e05f210007:   3% ▕                  ▏ 149 MB/4.7 GB  1.8 MB/s  42m21s[K[?25h[?2026l[?2026h[?25l[A[1Gpulling manifest [K
pulling 60e05f210007:   3% ▕                  ▏ 150 MB/4.7 GB  1.8 MB/s  42m21s[K[?25h[?2026l[?2026h[?25l[A[1Gpulling manifest [K
pulling 60e05f210007:   3% ▕                  ▏ 150 MB/4.7 GB  1.8 MB/s  42m21s[K[?25h[?2026l[?2026h[?25l[A[1Gpulling manifest [K
pulling 60e05f210007:   3% ▕                  ▏ 150 MB/4.7 GB  1.8 MB/s  42m21s[K[?25h[?2026l[?2026h[?25l[A[1Gpulling manifest [K
pulling 60e05f210007:   3% ▕                  ▏ 150 MB/4.7 GB  1.8 MB/s  42m21s[K[?25h[?2026l[?2026h[?25l[A[1Gpulling manifest [K
pulling 60e05f210007:   3% ▕                  ▏ 150 MB/4.7 GB  1.8 MB/s  42m21s[K[?25h[?2026l[?2026h[?25l[A[1Gpulling manifest [K
pulling 60e05f210007:   3% ▕                  ▏ 150 MB/4.7 GB  1.8 MB/s  42m21s[K[?25h[?2026l[?2026h[?25l[A[1Gpulling manifest [K
pulling 60e05f210007:   3% ▕                  ▏ 151 MB/4.7 GB  1.8 MB/s  42m21s[K[?25h[?2026l[?2026h[?25l[A[1Gpulling manifest [K
pulling 60e05f210007:   3% ▕                  ▏ 151 MB/4.7 GB  1.8 MB/s  42m21s[K[?25h[?2026l[?2026h[?25l[A[1Gpulling manifest [K
pulling 60e05f210007:   3% ▕                  ▏ 151 MB/4.7 GB  1.8 MB/s  42m20s[K[?25h[?2026l[?2026h[?25l[A[1Gpulling manifest [K
pulling 60e05f210007:   3% ▕                  ▏ 151 MB/4.7 GB  1.8 MB/s  42m20s[K[?25h[?2026l[?2026h[?25l[A[1Gpulling manifest [K
pulling 60e05f210007:   3% ▕                  ▏ 151 MB/4.7 GB  1.8 MB/s  42m20s[K[?25h[?2026l[?2026h[?25l[A[1Gpulling manifest [K
pulling 60e05f210007:   3% ▕                  ▏ 151 MB/4.7 GB  1.8 MB/s  42m20s[K[?25h[?2026l[?2026h[?25l[A[1Gpulling manifest [K
pulling 60e05f210007:   3% ▕                  ▏ 152 MB/4.7 GB  1.8 MB/s  42m20s[K[?25h[?2026l[?2026h[?25l[A[1Gpulling manifest [K
pulling 60e05f210007:   3% ▕                  ▏ 152 MB/4.7 GB  1.8 MB/s  42m28s[K[?25h[?2026l[?2026h[?25l[A[1Gpulling manifest [K
pulling 60e05f210007:   3% ▕                  ▏ 152 MB/4.7 GB  1.8 MB/s  42m28s[K[?25h[?2026l[?2026h[?25l[A[1Gpulling manifest [K
pulling 60e05f210007:   3% ▕                  ▏ 152 MB/4.7 GB  1.8 MB/s  42m28s[K[?25h[?2026l[?2026h[?25l[A[1Gpulling manifest [K
pulling 60e05f210007:   3% ▕                  ▏ 152 MB/4.7 GB  1.8 MB/s  42m28s[K[?25h[?2026l[?2026h[?25l[A[1Gpulling manifest [K
pulling 60e05f210007:   3% ▕                  ▏ 152 MB/4.7 GB  1.8 MB/s  42m28s[K[?25h[?2026l[?2026h[?25l[A[1Gpulling manifest [K
pulling 60e05f210007:   3% ▕                  ▏ 153 MB/4.7 GB  1.8 MB/s  42m28s[K[?25h[?2026l[?2026h[?25l[A[1Gpulling manifest [K
pulling 60e05f210007:   3% ▕                  ▏ 153 MB/4.7 GB  1.8 MB/s  42m28s[K[?25h[?2026l[?2026h[?25l[A[1Gpulling manifest [K
pulling 60e05f210007:   3% ▕                  ▏ 153 MB/4.7 GB  1.8 MB/s  42m28s[K[?25h[?2026l[?2026h[?25l[A[1Gpulling manifest [K
pulling 60e05f210007:   3% ▕                  ▏ 153 MB/4.7 GB  1.8 MB/s  42m28s[K[?25h[?2026l[?2026h[?25l[A[1Gpulling manifest [K
pulling 60e05f210007:   3% ▕                  ▏ 153 MB/4.7 GB  1.8 MB/s  42m27s[K[?25h[?2026l[?2026h[?25l[A[1Gpulling manifest [K
pulling 60e05f210007:   3% ▕                  ▏ 154 MB/4.7 GB  1.8 MB/s  42m27s[K[?25h[?2026l[?2026h[?25l[A[1Gpulling manifest [K
pulling 60e05f210007:   3% ▕                  ▏ 154 MB/4.7 GB  1.8 MB/s  42m11s[K[?25h[?2026l[?2026h[?25l[A[1Gpulling manifest [K
pulling 60e05f210007:   3% ▕                  ▏ 154 MB/4.7 GB  1.8 MB/s  42m11s[K[?25h[?2026l[?2026h[?25l[A[1Gpulling manifest [K
pulling 60e05f210007:   3% ▕                  ▏ 154 MB/4.7 GB  1.8 MB/s  42m11s[K[?25h[?2026l[?2026h[?25l[A[1Gpulling manifest [K
pulling 60e05f210007:   3% ▕                  ▏ 154 MB/4.7 GB  1.8 MB/s  42m11s[K[?25h[?2026l[?2026h[?25l[A[1Gpulling manifest [K
pulling 60e05f210007:   3% ▕                  ▏ 154 MB/4.7 GB  1.8 MB/s  42m11s[K[?25h[?2026l[?2026h[?25l[A[1Gpulling manifest [K
pulling 60e05f210007:   3% ▕                  ▏ 155 MB/4.7 GB  1.8 MB/s  42m10s[K[?25h[?2026l[?2026h[?25l[A[1Gpulling manifest [K
pulling 60e05f210007:   3% ▕                  ▏ 155 MB/4.7 GB  1.8 MB/s  42m10s[K[?25h[?2026l[?2026h[?25l[A[1Gpulling manifest [K
pulling 60e05f210007:   3% ▕                  ▏ 155 MB/4.7 GB  1.8 MB/s  42m10s[K[?25h[?2026l[?2026h[?25l[A[1Gpulling manifest [K
pulling 60e05f210007:   3% ▕                  ▏ 155 MB/4.7 GB  1.8 MB/s  42m10s[K[?25h[?2026l[?2026h[?25l[A[1Gpulling manifest [K
pulling 60e05f210007:   3% ▕                  ▏ 155 MB/4.7 GB  1.8 MB/s  42m10s[K[?25h[?2026l[?2026h[?25l[A[1Gpulling manifest [K
pulling 60e05f210007:   3% ▕                  ▏ 156 MB/4.7 GB  1.8 MB/s  42m20s[K[?25h[?2026l[?2026h[?25l[A[1Gpulling manifest [K
pulling 60e05f210007:   3% ▕                  ▏ 156 MB/4.7 GB  1.8 MB/s  42m20s[K[?25h[?2026l[?2026h[?25l[A[1Gpulling manifest [K
pulling 60e05f210007:   3% ▕                  ▏ 156 MB/4.7 GB  1.8 MB/s  42m20s[K[?25h[?2026l[?2026h[?25l[A[1Gpulling manifest [K
pulling 60e05f210007:   3% ▕                  ▏ 156 MB/4.7 GB  1.8 MB/s  42m20s[K[?25h[?2026l[?2026h[?25l[A[1Gpulling manifest [K
pulling 60e05f210007:   3% ▕                  ▏ 156 MB/4.7 GB  1.8 MB/s  42m20s[K[?25h[?2026l[?2026h[?25l[A[1Gpulling manifest [K
pulling 60e05f210007:   3% ▕                  ▏ 156 MB/4.7 GB  1.8 MB/s  42m20s[K[?25h[?2026l[?2026h[?25l[A[1Gpulling manifest [K
pulling 60e05f210007:   3% ▕                  ▏ 157 MB/4.7 GB  1.8 MB/s  42m20s[K[?25h[?2026l[?2026h[?25l[A[1Gpulling manifest [K
pulling 60e05f210007:   3% ▕                  ▏ 157 MB/4.7 GB  1.8 MB/s  42m20s[K[?25h[?2026l[?2026h[?25l[A[1Gpulling manifest [K
pulling 60e05f210007:   3% ▕                  ▏ 157 MB/4.7 GB  1.8 MB/s  42m19s[K[?25h[?2026l[?2026h[?25l[A[1Gpulling manifest [K
pulling 60e05f210007:   3% ▕                  ▏ 157 MB/4.7 GB  1.8 MB/s  42m19s[K[?25h[?2026l[?2026h[?25l[A[1Gpulling manifest [K
pulling 60e05f210007:   3% ▕                  ▏ 157 MB/4.7 GB  1.8 MB/s   42m9s[K[?25h[?2026l[?2026h[?25l[A[1Gpulling manifest [K
pulling 60e05f210007:   3% ▕                  ▏ 157 MB/4.7 GB  1.8 MB/s   42m9s[K[?25h[?2026l[?2026h[?25l[A[1Gpulling manifest [K
pulling 60e05f210007:   3% ▕                  ▏ 158 MB/4.7 GB  1.8 MB/s   42m9s[K[?25h[?2026l[?2026h[?25l[A[1Gpulling manifest [K
pulling 60e05f210007:   3% ▕                  ▏ 158 MB/4.7 GB  1.8 MB/s   42m9s[K[?25h[?2026l[?2026h[?25l[A[1Gpulling manifest [K
pulling 60e05f210007:   3% ▕                  ▏ 158 MB/4.7 GB  1.8 MB/s   42m9s[K[?25h[?2026l[?2026h[?25l[A[1Gpulling manifest [K
pulling 60e05f210007:   3% ▕                  ▏ 158 MB/4.7 GB  1.8 MB/s   42m8s[K[?25h[?2026l[?2026h[?25l[A[1Gpulling manifest [K
pulling 60e05f210007:   3% ▕                  ▏ 158 MB/4.7 GB  1.8 MB/s   42m8s[K[?25h[?2026l[?2026h[?25l[A[1Gpulling manifest [K
pulling 60e05f210007:   3% ▕                  ▏ 158 MB/4.7 GB  1.8 MB/s   42m8s[K[?25h[?2026l[?2026h[?25l[A[1Gpulling manifest [K
pulling 60e05f210007:   3% ▕                  ▏ 159 MB/4.7 GB  1.8 MB/s   42m8s[K[?25h[?2026l[?2026h[?25l[A[1Gpulling manifest [K
pulling 60e05f210007:   3% ▕                  ▏ 159 MB/4.7 GB  1.8 MB/s   42m8s[K[?25h[?2026l[?2026h[?25l[A[1Gpulling manifest [K
pulling 60e05f210007:   3% ▕                  ▏ 159 MB/4.7 GB  1.8 MB/s   42m7s[K[?25h[?2026l[?2026h[?25l[A[1Gpulling manifest [K
pulling 60e05f210007:   3% ▕                  ▏ 159 MB/4.7 GB  1.8 MB/s   42m7s[K[?25h[?2026l[?2026h[?25l[A[1Gpulling manifest [K
pulling 60e05f210007:   3% ▕                  ▏ 159 MB/4.7 GB  1.8 MB/s   42m6s[K[?25h[?2026l[?2026h[?25l[A[1Gpulling manifest [K
pulling 60e05f210007:   3% ▕                  ▏ 159 MB/4.7 GB  1.8 MB/s   42m6s[K[?25h[?2026l[?2026h[?25l[A[1Gpulling manifest [K
pulling 60e05f210007:   3% ▕                  ▏ 160 MB/4.7 GB  1.8 MB/s   42m6s[K[?25h[?2026l[?2026h[?25l[A[1Gpulling manifest [K
pulling 60e05f210007:   3% ▕                  ▏ 160 MB/4.7 GB  1.8 MB/s   42m6s[K[?25h[?2026l[?2026h[?25l[A[1Gpulling manifest [K
pulling 60e05f210007:   3% ▕                  ▏ 160 MB/4.7 GB  1.8 MB/s   42m6s[K[?25h[?2026l[?2026h[?25l[A[1Gpulling manifest [K
pulling 60e05f210007:   3% ▕                  ▏ 160 MB/4.7 GB  1.8 MB/s   42m6s[K[?25h[?2026l[?2026h[?25l[A[1Gpulling manifest [K
pulling 60e05f210007:   3% ▕                  ▏ 160 MB/4.7 GB  1.8 MB/s   42m6s[K[?25h[?2026l[?2026h[?25l[A[1Gpulling manifest [K
pulling 60e05f210007:   3% ▕                  ▏ 161 MB/4.7 GB  1.8 MB/s   42m6s[K[?25h[?2026l[?2026h[?25l[A[1Gpulling manifest [K
pulling 60e05f210007:   3% ▕                  ▏ 161 MB/4.7 GB  1.8 MB/s  41m58s[K[?25h[?2026l[?2026h[?25l[A[1Gpulling manifest [K
pulling 60e05f210007:   3% ▕                  ▏ 161 MB/4.7 GB  1.8 MB/s  41m58s[K[?25h[?2026l[?2026h[?25l[A[1Gpulling manifest [K
pulling 60e05f210007:   3% ▕                  ▏ 161 MB/4.7 GB  1.8 MB/s  41m58s[K[?25h[?2026l[?2026h[?25l[A[1Gpulling manifest [K
pulling 60e05f210007:   3% ▕                  ▏ 161 MB/4.7 GB  1.8 MB/s  41m58s[K[?25h[?2026l[?2026h[?25l[A[1Gpulling manifest [K
pulling 60e05f210007:   3% ▕                  ▏ 161 MB/4.7 GB  1.8 MB/s  41m58s[K[?25h[?2026l[?2026h[?25l[A[1Gpulling manifest [K
pulling 60e05f210007:   3% ▕                  ▏ 162 MB/4.7 GB  1.8 MB/s  41m58s[K[?25h[?2026l[?2026h[?25l[A[1Gpulling manifest [K
pulling 60e05f210007:   3% ▕                  ▏ 162 MB/4.7 GB  1.8 MB/s  41m58s[K[?25h[?2026l[?2026h[?25l[A[1Gpulling manifest [K
pulling 60e05f210007:   3% ▕                  ▏ 162 MB/4.7 GB  1.8 MB/s  41m58s[K[?25h[?2026l[?2026h[?25l[A[1Gpulling manifest [K
pulling 60e05f210007:   3% ▕                  ▏ 162 MB/4.7 GB  1.8 MB/s  41m58s[K[?25h[?2026l[?2026h[?25l[A[1Gpulling manifest [K
pulling 60e05f210007:   3% ▕                  ▏ 162 MB/4.7 GB  1.8 MB/s  41m57s[K[?25h[?2026l[?2026h[?25l[A[1Gpulling manifest [K
pulling 60e05f210007:   3% ▕                  ▏ 162 MB/4.7 GB  1.8 MB/s  41m57s[K[?25h[?2026l[?2026h[?25l[A[1Gpulling manifest [K
pulling 60e05f210007:   3% ▕                  ▏ 163 MB/4.7 GB  1.8 MB/s  42m17s[K[?25h[?2026l[?2026h[?25l[A[1Gpulling manifest [K
pulling 60e05f210007:   3% ▕                  ▏ 163 MB/4.7 GB  1.8 MB/s  42m17s[K[?25h[?2026l[?2026h[?25l[A[1Gpulling manifest [K
pulling 60e05f210007:   3% ▕                  ▏ 163 MB/4.7 GB  1.8 MB/s  42m17s[K[?25h[?2026l[?2026h[?25l[A[1Gpulling manifest [K
pulling 60e05f210007:   3% ▕                  ▏ 163 MB/4.7 GB  1.8 MB/s  42m17s[K[?25h[?2026l[?2026h[?25l[A[1Gpulling manifest [K
pulling 60e05f210007:   3% ▕                  ▏ 163 MB/4.7 GB  1.8 MB/s  42m17s[K[?25h[?2026l[?2026h[?25l[A[1Gpulling manifest [K
pulling 60e05f210007:   4% ▕                  ▏ 163 MB/4.7 GB  1.8 MB/s  42m16s[K[?25h[?2026l[?2026h[?25l[A[1Gpulling manifest [K
pulling 60e05f210007:   4% ▕                  ▏ 164 MB/4.7 GB  1.8 MB/s  42m16s[K[?25h[?2026l[?2026h[?25l[A[1Gpulling manifest [K
pulling 60e05f210007:   4% ▕                  ▏ 164 MB/4.7 GB  1.8 MB/s  42m16s[K[?25h[?2026l[?2026h[?25l[A[1Gpulling manifest [K
pulling 60e05f210007:   4% ▕                  ▏ 164 MB/4.7 GB  1.8 MB/s  42m16s[K[?25h[?2026l[?2026h[?25l[A[1Gpulling manifest [K
pulling 60e05f210007:   4% ▕                  ▏ 164 MB/4.7 GB  1.8 MB/s  42m16s[K[?25h[?2026l[?2026h[?25l[A[1Gpulling manifest [K
pulling 60e05f210007:   4% ▕                  ▏ 164 MB/4.7 GB  1.8 MB/s  42m13s[K[?25h[?2026l[?2026h[?25l[A[1Gpulling manifest [K
pulling 60e05f210007:   4% ▕                  ▏ 164 MB/4.7 GB  1.8 MB/s  42m13s[K[?25h[?2026l[?2026h[?25l[A[1Gpulling manifest [K
pulling 60e05f210007:   4% ▕                  ▏ 165 MB/4.7 GB  1.8 MB/s  42m13s[K[?25h[?2026l[?2026h[?25l[A[1Gpulling manifest [K
pulling 60e05f210007:   4% ▕                  ▏ 165 MB/4.7 GB  1.8 MB/s  42m13s[K[?25h[?2026l[?2026h[?25l[A[1Gpulling manifest [K
pulling 60e05f210007:   4% ▕                  ▏ 165 MB/4.7 GB  1.8 MB/s  42m13s[K[?25h[?2026l[?2026h[?25l[A[1Gpulling manifest [K
pulling 60e05f210007:   4% ▕                  ▏ 165 MB/4.7 GB  1.8 MB/s  42m13s[K[?25h[?2026l[?2026h[?25l[A[1Gpulling manifest [K
pulling 60e05f210007:   4% ▕                  ▏ 165 MB/4.7 GB  1.8 MB/s  42m13s[K[?25h[?2026l[?2026h[?25l[A[1Gpulling manifest [K
pulling 60e05f210007:   4% ▕                  ▏ 166 MB/4.7 GB  1.8 MB/s  42m13s[K[?25h[?2026l[?2026h[?25l[A[1Gpulling manifest [K
pulling 60e05f210007:   4% ▕                  ▏ 166 MB/4.7 GB  1.8 MB/s  42m12s[K[?25h[?2026l[?2026h[?25l[A[1Gpulling manifest [K
pulling 60e05f210007:   4% ▕                  ▏ 166 MB/4.7 GB  1.8 MB/s  42m12s[K[?25h[?2026l[?2026h[?25l[A[1Gpulling manifest [K
pulling 60e05f210007:   4% ▕                  ▏ 166 MB/4.7 GB  1.8 MB/s   42m7s[K[?25h[?2026l[?2026h[?25l[A[1Gpulling manifest [K
pulling 60e05f210007:   4% ▕                  ▏ 166 MB/4.7 GB  1.8 MB/s   42m7s[K[?25h[?2026l[?2026h[?25l[A[1Gpulling manifest [K
pulling 60e05f210007:   4% ▕                  ▏ 167 MB/4.7 GB  1.8 MB/s   42m7s[K[?25h[?2026l[?2026h[?25l[A[1Gpulling manifest [K
pulling 60e05f210007:   4% ▕                  ▏ 167 MB/4.7 GB  1.8 MB/s   42m7s[K[?25h[?2026l[?2026h[?25l[A[1Gpulling manifest [K
pulling 60e05f210007:   4% ▕                  ▏ 167 MB/4.7 GB  1.8 MB/s   42m7s[K[?25h[?2026l[?2026h[?25l[A[1Gpulling manifest [K
pulling 60e05f210007:   4% ▕                  ▏ 167 MB/4.7 GB  1.8 MB/s   42m7s[K[?25h[?2026l[?2026h[?25l[A[1Gpulling manifest [K
pulling 60e05f210007:   4% ▕                  ▏ 167 MB/4.7 GB  1.8 MB/s   42m7s[K[?25h[?2026l[?2026h[?25l[A[1Gpulling manifest [K
pulling 60e05f210007:   4% ▕                  ▏ 167 MB/4.7 GB  1.8 MB/s   42m6s[K[?25h[?2026l[?2026h[?25l[A[1Gpulling manifest [K
pulling 60e05f210007:   4% ▕                  ▏ 168 MB/4.7 GB  1.8 MB/s   42m6s[K[?25h[?2026l[?2026h[?25l[A[1Gpulling manifest [K
pulling 60e05f210007:   4% ▕                  ▏ 168 MB/4.7 GB  1.8 MB/s   42m6s[K[?25h[?2026l[?2026h[?25l[A[1Gpulling manifest [K
pulling 60e05f210007:   4% ▕                  ▏ 168 MB/4.7 GB  1.8 MB/s  41m58s[K[?25h[?2026l[?2026h[?25l[A[1Gpulling manifest [K
pulling 60e05f210007:   4% ▕                  ▏ 168 MB/4.7 GB  1.8 MB/s  41m58s[K[?25h[?2026l[?2026h[?25l[A[1Gpulling manifest [K
pulling 60e05f210007:   4% ▕                  ▏ 168 MB/4.7 GB  1.8 MB/s  41m58s[K[?25h[?2026l[?2026h[?25l[A[1Gpulling manifest [K
pulling 60e05f210007:   4% ▕                  ▏ 168 MB/4.7 GB  1.8 MB/s  41m57s[K[?25h[?2026l[?2026h[?25l[A[1Gpulling manifest [K
pulling 60e05f210007:   4% ▕                  ▏ 169 MB/4.7 GB  1.8 MB/s  41m57s[K[?25h[?2026l[?2026h[?25l[A[1Gpulling manifest [K
pulling 60e05f210007:   4% ▕                  ▏ 169 MB/4.7 GB  1.8 MB/s  41m57s[K[?25h[?2026l[?2026h[?25l[A[1Gpulling manifest [K
pulling 60e05f210007:   4% ▕                  ▏ 169 MB/4.7 GB  1.8 MB/s  41m57s[K[?25h[?2026l[?2026h[?25l[A[1Gpulling manifest [K
pulling 60e05f210007:   4% ▕                  ▏ 169 MB/4.7 GB  1.8 MB/s  41m57s[K[?25h[?2026l[?2026h[?25l[A[1Gpulling manifest [K
pulling 60e05f210007:   4% ▕                  ▏ 169 MB/4.7 GB  1.8 MB/s  41m57s[K[?25h[?2026l[?2026h[?25l[A[1Gpulling manifest [K
pulling 60e05f210007:   4% ▕                  ▏ 169 MB/4.7 GB  1.8 MB/s  41m57s[K[?25h[?2026l[?2026h[?25l[A[1Gpulling manifest [K
pulling 60e05f210007:   4% ▕                  ▏ 170 MB/4.7 GB  1.8 MB/s  42m18s[K[?25h[?2026l[?2026h[?25l[A[1Gpulling manifest [K
pulling 60e05f210007:   4% ▕                  ▏ 170 MB/4.7 GB  1.8 MB/s  42m18s[K[?25h[?2026l[?2026h[?25l[A[1Gpulling manifest [K
pulling 60e05f210007:   4% ▕                  ▏ 170 MB/4.7 GB  1.8 MB/s  42m18s[K[?25h[?2026l[?2026h[?25l[A[1Gpulling manifest [K
pulling 60e05f210007:   4% ▕                  ▏ 170 MB/4.7 GB  1.8 MB/s  42m18s[K[?25h[?2026l[?2026h[?25l[A[1Gpulling manifest [K
pulling 60e05f210007:   4% ▕                  ▏ 170 MB/4.7 GB  1.8 MB/s  42m18s[K[?25h[?2026l[?2026h[?25l[A[1Gpulling manifest [K
pulling 60e05f210007:   4% ▕                  ▏ 170 MB/4.7 GB  1.8 MB/s  42m18s[K[?25h[?2026l[?2026h[?25l[A[1Gpulling manifest [K
pulling 60e05f210007:   4% ▕                  ▏ 171 MB/4.7 GB  1.8 MB/s  42m18s[K[?25h[?2026l[?2026h[?25l[A[1Gpulling manifest [K
pulling 60e05f210007:   4% ▕                  ▏ 171 MB/4.7 GB  1.8 MB/s  42m18s[K[?25h[?2026l[?2026h[?25l[A[1Gpulling manifest [K
pulling 60e05f210007:   4% ▕                  ▏ 171 MB/4.7 GB  1.8 MB/s  42m17s[K[?25h[?2026l[?2026h[?25l[A[1Gpulling manifest [K
pulling 60e05f210007:   4% ▕                  ▏ 171 MB/4.7 GB  1.8 MB/s  42m17s[K[?25h[?2026l[?2026h[?25l[A[1Gpulling manifest [K
pulling 60e05f210007:   4% ▕                  ▏ 171 MB/4.7 GB  1.8 MB/s  42m17s[K[?25h[?2026l[?2026h[?25l[A[1Gpulling manifest [K
pulling 60e05f210007:   4% ▕                  ▏ 172 MB/4.7 GB  1.8 MB/s   42m2s[K[?25h[?2026l[?2026h[?25l[A[1Gpulling manifest [K
pulling 60e05f210007:   4% ▕                  ▏ 172 MB/4.7 GB  1.8 MB/s   42m2s[K[?25h[?2026l[?2026h[?25l[A[1Gpulling manifest [K
pulling 60e05f210007:   4% ▕                  ▏ 172 MB/4.7 GB  1.8 MB/s   42m2s[K[?25h[?2026l[?2026h[?25l[A[1Gpulling manifest [K
pulling 60e05f210007:   4% ▕                  ▏ 172 MB/4.7 GB  1.8 MB/s   42m2s[K[?25h[?2026l[?2026h[?25l[A[1Gpulling manifest [K
pulling 60e05f210007:   4% ▕                  ▏ 172 MB/4.7 GB  1.8 MB/s   42m2s[K[?25h[?2026l[?2026h[?25l[A[1Gpulling manifest [K
pulling 60e05f210007:   4% ▕                  ▏ 172 MB/4.7 GB  1.8 MB/s   42m2s[K[?25h[?2026l[?2026h[?25l[A[1Gpulling manifest [K
pulling 60e05f210007:   4% ▕                  ▏ 173 MB/4.7 GB  1.8 MB/s   42m2s[K[?25h[?2026l[?2026h[?25l[A[1Gpulling manifest [K
pulling 60e05f210007:   4% ▕                  ▏ 173 MB/4.7 GB  1.8 MB/s   42m2s[K[?25h[?2026l[?2026h[?25l[A[1Gpulling manifest [K
pulling 60e05f210007:   4% ▕                  ▏ 173 MB/4.7 GB  1.8 MB/s   42m2s[K[?25h[?2026l[?2026h[?25l[A[1Gpulling manifest [K
pulling 60e05f210007:   4% ▕                  ▏ 173 MB/4.7 GB  1.8 MB/s   42m1s[K[?25h[?2026l[?2026h[?25l[A[1Gpulling manifest [K
pulling 60e05f210007:   4% ▕                  ▏ 173 MB/4.7 GB  1.8 MB/s  42m27s[K[?25h[?2026l[?2026h[?25l[A[1Gpulling manifest [K
pulling 60e05f210007:   4% ▕                  ▏ 173 MB/4.7 GB  1.8 MB/s  42m27s[K[?25h[?2026l[?2026h[?25l[A[1Gpulling manifest [K
pulling 60e05f210007:   4% ▕                  ▏ 174 MB/4.7 GB  1.8 MB/s  42m27s[K[?25h[?2026l[?2026h[?25l[A[1Gpulling manifest [K
pulling 60e05f210007:   4% ▕                  ▏ 174 MB/4.7 GB  1.8 MB/s  42m27s[K[?25h[?2026l[?2026h[?25l[A[1Gpulling manifest [K
pulling 60e05f210007:   4% ▕                  ▏ 174 MB/4.7 GB  1.8 MB/s  42m27s[K[?25h[?2026l[?2026h[?25l[A[1Gpulling manifest [K
pulling 60e05f210007:   4% ▕                  ▏ 174 MB/4.7 GB  1.8 MB/s  42m27s[K[?25h[?2026l[?2026h[?25l[A[1Gpulling manifest [K
pulling 60e05f210007:   4% ▕                  ▏ 174 MB/4.7 GB  1.8 MB/s  42m27s[K[?25h[?2026l[?2026h[?25l[A[1Gpulling manifest [K
pulling 60e05f210007:   4% ▕                  ▏ 174 MB/4.7 GB  1.8 MB/s  42m27s[K[?25h[?2026l[?2026h[?25l[A[1Gpulling manifest [K
pulling 60e05f210007:   4% ▕                  ▏ 174 MB/4.7 GB  1.8 MB/s  42m27s[K[?25h[?2026l[?2026h[?25l[A[1Gpulling manifest [K
pulling 60e05f210007:   4% ▕                  ▏ 175 MB/4.7 GB  1.8 MB/s  42m26s[K[?25h[?2026l[?2026h[?25l[A[1Gpulling manifest [K
pulling 60e05f210007:   4% ▕                  ▏ 175 MB/4.7 GB  1.8 MB/s  42m44s[K[?25h[?2026l[?2026h[?25l[A[1Gpulling manifest [K
pulling 60e05f210007:   4% ▕                  ▏ 175 MB/4.7 GB  1.8 MB/s  42m44s[K[?25h[?2026l[?2026h[?25l[A[1Gpulling manifest [K
pulling 60e05f210007:   4% ▕                  ▏ 175 MB/4.7 GB  1.8 MB/s  42m44s[K[?25h[?2026l[?2026h[?25l[A[1Gpulling manifest [K
pulling 60e05f210007:   4% ▕                  ▏ 175 MB/4.7 GB  1.8 MB/s  42m44s[K[?25h[?2026l[?2026h[?25l[A[1Gpulling manifest [K
pulling 60e05f210007:   4% ▕                  ▏ 176 MB/4.7 GB  1.8 MB/s  42m44s[K[?25h[?2026l[?2026h[?25l[A[1Gpulling manifest [K
pulling 60e05f210007:   4% ▕                  ▏ 176 MB/4.7 GB  1.8 MB/s  42m43s[K[?25h[?2026l[?2026h[?25l[A[1Gpulling manifest [K
pulling 60e05f210007:   4% ▕                  ▏ 176 MB/4.7 GB  1.8 MB/s  42m43s[K[?25h[?2026l[?2026h[?25l[A[1Gpulling manifest [K
pulling 60e05f210007:   4% ▕                  ▏ 176 MB/4.7 GB  1.8 MB/s  42m43s[K[?25h[?2026l[?2026h[?25l[A[1Gpulling manifest [K
pulling 60e05f210007:   4% ▕                  ▏ 176 MB/4.7 GB  1.8 MB/s  42m43s[K[?25h[?2026l[?2026h[?25l[A[1Gpulling manifest [K
pulling 60e05f210007:   4% ▕                  ▏ 176 MB/4.7 GB  1.8 MB/s  42m43s[K[?25h[?2026l[?2026h[?25l[A[1Gpulling manifest [K
pulling 60e05f210007:   4% ▕                  ▏ 177 MB/4.7 GB  1.8 MB/s  42m50s[K[?25h[?2026l[?2026h[?25l[A[1Gpulling manifest [K
pulling 60e05f210007:   4% ▕                  ▏ 177 MB/4.7 GB  1.8 MB/s  42m50s[K[?25h[?2026l[?2026h[?25l[A[1Gpulling manifest [K
pulling 60e05f210007:   4% ▕                  ▏ 177 MB/4.7 GB  1.8 MB/s  42m50s[K[?25h[?2026l[?2026h[?25l[A[1Gpulling manifest [K
pulling 60e05f210007:   4% ▕                  ▏ 177 MB/4.7 GB  1.8 MB/s  42m50s[K[?25h[?2026l[?2026h[?25l[A[1Gpulling manifest [K
pulling 60e05f210007:   4% ▕                  ▏ 177 MB/4.7 GB  1.8 MB/s  42m50s[K[?25h[?2026l[?2026h[?25l[A[1Gpulling manifest [K
pulling 60e05f210007:   4% ▕                  ▏ 177 MB/4.7 GB  1.8 MB/s  42m50s[K[?25h[?2026l[?2026h[?25l[A[1Gpulling manifest [K
pulling 60e05f210007:   4% ▕                  ▏ 178 MB/4.7 GB  1.8 MB/s  42m50s[K[?25h[?2026l[?2026h[?25l[A[1Gpulling manifest [K
pulling 60e05f210007:   4% ▕                  ▏ 178 MB/4.7 GB  1.8 MB/s  42m50s[K[?25h[?2026l[?2026h[?25l[A[1Gpulling manifest [K
pulling 60e05f210007:   4% ▕                  ▏ 178 MB/4.7 GB  1.8 MB/s  42m50s[K[?25h[?2026l[?2026h[?25l[A[1Gpulling manifest [K
pulling 60e05f210007:   4% ▕                  ▏ 178 MB/4.7 GB  1.8 MB/s  42m49s[K[?25h[?2026l[?2026h[?25l[A[1Gpulling manifest [K
pulling 60e05f210007:   4% ▕                  ▏ 178 MB/4.7 GB  1.7 MB/s  42m57s[K[?25h[?2026l[?2026h[?25l[A[1Gpulling manifest [K
pulling 60e05f210007:   4% ▕                  ▏ 178 MB/4.7 GB  1.7 MB/s  42m57s[K[?25h[?2026l[?2026h[?25l[A[1Gpulling manifest [K
pulling 60e05f210007:   4% ▕                  ▏ 179 MB/4.7 GB  1.7 MB/s  42m57s[K[?25h[?2026l[?2026h[?25l[A[1Gpulling manifest [K
pulling 60e05f210007:   4% ▕                  ▏ 179 MB/4.7 GB  1.7 MB/s  42m56s[K[?25h[?2026l[?2026h[?25l[A[1Gpulling manifest [K
pulling 60e05f210007:   4% ▕                  ▏ 179 MB/4.7 GB  1.7 MB/s  42m56s[K[?25h[?2026l[?2026h[?25l[A[1Gpulling manifest [K
pulling 60e05f210007:   4% ▕                  ▏ 179 MB/4.7 GB  1.7 MB/s  42m56s[K[?25h[?2026l[?2026h[?25l[A[1Gpulling manifest [K
pulling 60e05f210007:   4% ▕                  ▏ 179 MB/4.7 GB  1.7 MB/s  42m56s[K[?25h[?2026l[?2026h[?25l[A[1Gpulling manifest [K
pulling 60e05f210007:   4% ▕                  ▏ 179 MB/4.7 GB  1.7 MB/s  42m56s[K[?25h[?2026l[?2026h[?25l[A[1Gpulling manifest [K
pulling 60e05f210007:   4% ▕                  ▏ 180 MB/4.7 GB  1.7 MB/s  42m56s[K[?25h[?2026l[?2026h[?25l[A[1Gpulling manifest [K
pulling 60e05f210007:   4% ▕                  ▏ 180 MB/4.7 GB  1.7 MB/s  42m56s[K[?25h[?2026l[?2026h[?25l[A[1Gpulling manifest [K
pulling 60e05f210007:   4% ▕                  ▏ 180 MB/4.7 GB  1.7 MB/s  42m56s[K[?25h[?2026l[?2026h[?25l[A[1Gpulling manifest [K
pulling 60e05f210007:   4% ▕                  ▏ 180 MB/4.7 GB  1.7 MB/s  43m39s[K[?25h[?2026l[?2026h[?25l[A[1Gpulling manifest [K
pulling 60e05f210007:   4% ▕                  ▏ 180 MB/4.7 GB  1.7 MB/s  43m39s[K[?25h[?2026l[?2026h[?25l[A[1Gpulling manifest [K
pulling 60e05f210007:   4% ▕                  ▏ 180 MB/4.7 GB  1.7 MB/s  43m39s[K[?25h[?2026l[?2026h[?25l[A[1Gpulling manifest [K
pulling 60e05f210007:   4% ▕                  ▏ 180 MB/4.7 GB  1.7 MB/s  43m38s[K[?25h[?2026l[?2026h[?25l[A[1Gpulling manifest [K
pulling 60e05f210007:   4% ▕                  ▏ 181 MB/4.7 GB  1.7 MB/s  43m38s[K[?25h[?2026l[?2026h[?25l[A[1Gpulling manifest [K
pulling 60e05f210007:   4% ▕                  ▏ 181 MB/4.7 GB  1.7 MB/s  43m38s[K[?25h[?2026l[?2026h[?25l[A[1Gpulling manifest [K
pulling 60e05f210007:   4% ▕                  ▏ 181 MB/4.7 GB  1.7 MB/s  43m38s[K[?25h[?2026l[?2026h[?25l[A[1Gpulling manifest [K
pulling 60e05f210007:   4% ▕                  ▏ 181 MB/4.7 GB  1.7 MB/s  43m38s[K[?25h[?2026l[?2026h[?25l[A[1Gpulling manifest [K
pulling 60e05f210007:   4% ▕                  ▏ 181 MB/4.7 GB  1.7 MB/s  43m38s[K[?25h[?2026l[?2026h[?25l[A[1Gpulling manifest [K
pulling 60e05f210007:   4% ▕                  ▏ 181 MB/4.7 GB  1.7 MB/s  43m38s[K[?25h[?2026l[?2026h[?25l[A[1Gpulling manifest [K
pulling 60e05f210007:   4% ▕                  ▏ 182 MB/4.7 GB  1.7 MB/s  43m57s[K[?25h[?2026l[?2026h[?25l[A[1Gpulling manifest [K
pulling 60e05f210007:   4% ▕                  ▏ 182 MB/4.7 GB  1.7 MB/s  43m57s[K[?25h[?2026l[?2026h[?25l[A[1Gpulling manifest [K
pulling 60e05f210007:   4% ▕                  ▏ 182 MB/4.7 GB  1.7 MB/s  43m56s[K[?25h[?2026l[?2026h[?25l[A[1Gpulling manifest [K
pulling 60e05f210007:   4% ▕                  ▏ 182 MB/4.7 GB  1.7 MB/s  43m56s[K[?25h[?2026l[?2026h[?25l[A[1Gpulling manifest [K
pulling 60e05f210007:   4% ▕                  ▏ 182 MB/4.7 GB  1.7 MB/s  43m56s[K[?25h[?2026l[?2026h[?25l[A[1Gpulling manifest [K
pulling 60e05f210007:   4% ▕                  ▏ 182 MB/4.7 GB  1.7 MB/s  43m56s[K[?25h[?2026l[?2026h[?25l[A[1Gpulling manifest [K
pulling 60e05f210007:   4% ▕                  ▏ 182 MB/4.7 GB  1.7 MB/s  43m56s[K[?25h[?2026l[?2026h[?25l[A[1Gpulling manifest [K
pulling 60e05f210007:   4% ▕                  ▏ 183 MB/4.7 GB  1.7 MB/s  43m56s[K[?25h[?2026l[?2026h[?25l[A[1Gpulling manifest [K
pulling 60e05f210007:   4% ▕                  ▏ 183 MB/4.7 GB  1.7 MB/s  43m56s[K[?25h[?2026l[?2026h[?25l[A[1Gpulling manifest [K
pulling 60e05f210007:   4% ▕                  ▏ 183 MB/4.7 GB  1.7 MB/s  43m56s[K[?25h[?2026l[?2026h[?25l[A[1Gpulling manifest [K
pulling 60e05f210007:   4% ▕                  ▏ 183 MB/4.7 GB  1.7 MB/s  44m25s[K[?25h[?2026l[?2026h[?25l[A[1Gpulling manifest [K
pulling 60e05f210007:   4% ▕                  ▏ 183 MB/4.7 GB  1.7 MB/s  44m25s[K[?25h[?2026l[?2026h[?25l[A[1Gpulling manifest [K
pulling 60e05f210007:   4% ▕                  ▏ 183 MB/4.7 GB  1.7 MB/s  44m25s[K[?25h[?2026l[?2026h[?25l[A[1Gpulling manifest [K
pulling 60e05f210007:   4% ▕                  ▏ 184 MB/4.7 GB  1.7 MB/s  44m25s[K[?25h[?2026l[?2026h[?25l[A[1Gpulling manifest [K
pulling 60e05f210007:   4% ▕                  ▏ 184 MB/4.7 GB  1.7 MB/s  44m24s[K[?25h[?2026l[?2026h[?25l[A[1Gpulling manifest [K
pulling 60e05f210007:   4% ▕                  ▏ 184 MB/4.7 GB  1.7 MB/s  44m24s[K[?25h[?2026l[?2026h[?25l[A[1Gpulling manifest [K
pulling 60e05f210007:   4% ▕                  ▏ 184 MB/4.7 GB  1.7 MB/s  44m24s[K[?25h[?2026l[?2026h[?25l[A[1Gpulling manifest [K
pulling 60e05f210007:   4% ▕                  ▏ 184 MB/4.7 GB  1.7 MB/s  44m24s[K[?25h[?2026l[?2026h[?25l[A[1Gpulling manifest [K
pulling 60e05f210007:   4% ▕                  ▏ 184 MB/4.7 GB  1.7 MB/s  44m24s[K[?25h[?2026l[?2026h[?25l[A[1Gpulling manifest [K
pulling 60e05f210007:   4% ▕                  ▏ 185 MB/4.7 GB  1.7 MB/s  44m24s[K[?25h[?2026l[?2026h[?25l[A[1Gpulling manifest [K
pulling 60e05f210007:   4% ▕                  ▏ 185 MB/4.7 GB  1.7 MB/s  44m47s[K[?25h[?2026l[?2026h[?25l[A[1Gpulling manifest [K
pulling 60e05f210007:   4% ▕                  ▏ 185 MB/4.7 GB  1.7 MB/s  44m47s[K[?25h[?2026l[?2026h[?25l[A[1Gpulling manifest [K
pulling 60e05f210007:   4% ▕                  ▏ 185 MB/4.7 GB  1.7 MB/s  44m47s[K[?25h[?2026l[?2026h[?25l[A[1Gpulling manifest [K
pulling 60e05f210007:   4% ▕                  ▏ 185 MB/4.7 GB  1.7 MB/s  44m47s[K[?25h[?2026l[?2026h[?25l[A[1Gpulling manifest [K
pulling 60e05f210007:   4% ▕                  ▏ 185 MB/4.7 GB  1.7 MB/s  44m47s[K[?25h[?2026l[?2026h[?25l[A[1Gpulling manifest [K
pulling 60e05f210007:   4% ▕                  ▏ 185 MB/4.7 GB  1.7 MB/s  44m47s[K[?25h[?2026l[?2026h[?25l[A[1Gpulling manifest [K
pulling 60e05f210007:   4% ▕                  ▏ 186 MB/4.7 GB  1.7 MB/s  44m47s[K[?25h[?2026l[?2026h[?25l[A[1Gpulling manifest [K
pulling 60e05f210007:   4% ▕                  ▏ 186 MB/4.7 GB  1.7 MB/s  44m46s[K[?25h[?2026l[?2026h[?25l[A[1Gpulling manifest [K
pulling 60e05f210007:   4% ▕                  ▏ 186 MB/4.7 GB  1.7 MB/s  44m46s[K[?25h[?2026l[?2026h[?25l[A[1Gpulling manifest [K
pulling 60e05f210007:   4% ▕                  ▏ 186 MB/4.7 GB  1.7 MB/s  44m46s[K[?25h[?2026l[?2026h[?25l[A[1Gpulling manifest [K
pulling 60e05f210007:   4% ▕                  ▏ 186 MB/4.7 GB  1.6 MB/s  45m44s[K[?25h[?2026l[?2026h[?25l[A[1Gpulling manifest [K
pulling 60e05f210007:   4% ▕                  ▏ 186 MB/4.7 GB  1.6 MB/s  45m44s[K[?25h[?2026l[?2026h[?25l[A[1Gpulling manifest [K
pulling 60e05f210007:   4% ▕                  ▏ 187 MB/4.7 GB  1.6 MB/s  45m43s[K[?25h[?2026l[?2026h[?25l[A[1Gpulling manifest [K
pulling 60e05f210007:   4% ▕                  ▏ 187 MB/4.7 GB  1.6 MB/s  45m43s[K[?25h[?2026l[?2026h[?25l[A[1Gpulling manifest [K
pulling 60e05f210007:   4% ▕                  ▏ 187 MB/4.7 GB  1.6 MB/s  45m43s[K[?25h[?2026l[?2026h[?25l[A[1Gpulling manifest [K
pulling 60e05f210007:   4% ▕                  ▏ 187 MB/4.7 GB  1.6 MB/s  45m43s[K[?25h[?2026l[?2026h[?25l[A[1Gpulling manifest [K
pulling 60e05f210007:   4% ▕                  ▏ 187 MB/4.7 GB  1.6 MB/s  45m43s[K[?25h[?2026l[?2026h[?25l[A[1Gpulling manifest [K
pulling 60e05f210007:   4% ▕                  ▏ 187 MB/4.7 GB  1.6 MB/s  45m43s[K[?25h[?2026l[?2026h[?25l[A[1Gpulling manifest [K
pulling 60e05f210007:   4% ▕                  ▏ 187 MB/4.7 GB  1.6 MB/s  45m43s[K[?25h[?2026l[?2026h[?25l[A[1Gpulling manifest [K
pulling 60e05f210007:   4% ▕                  ▏ 188 MB/4.7 GB  1.6 MB/s  45m43s[K[?25h[?2026l[?2026h[?25l[A[1Gpulling manifest [K
pulling 60e05f210007:   4% ▕                  ▏ 188 MB/4.7 GB  1.6 MB/s  45m43s[K[?25h[?2026l[?2026h[?25l[A[1Gpulling manifest [K
pulling 60e05f210007:   4% ▕                  ▏ 188 MB/4.7 GB  1.6 MB/s  45m45s[K[?25h[?2026l[?2026h[?25l[A[1Gpulling manifest [K
pulling 60e05f210007:   4% ▕                  ▏ 188 MB/4.7 GB  1.6 MB/s  45m45s[K[?25h[?2026l[?2026h[?25l[A[1Gpulling manifest [K
pulling 60e05f210007:   4% ▕                  ▏ 188 MB/4.7 GB  1.6 MB/s  45m45s[K[?25h[?2026l[?2026h[?25l[A[1Gpulling manifest [K
pulling 60e05f210007:   4% ▕                  ▏ 188 MB/4.7 GB  1.6 MB/s  45m45s[K[?25h[?2026l[?2026h[?25l[A[1Gpulling manifest [K
pulling 60e05f210007:   4% ▕                  ▏ 189 MB/4.7 GB  1.6 MB/s  45m44s[K[?25h[?2026l[?2026h[?25l[A[1Gpulling manifest [K
pulling 60e05f210007:   4% ▕                  ▏ 189 MB/4.7 GB  1.6 MB/s  45m44s[K[?25h[?2026l[?2026h[?25l[A[1Gpulling manifest [K
pulling 60e05f210007:   4% ▕                  ▏ 189 MB/4.7 GB  1.6 MB/s  45m44s[K[?25h[?2026l[?2026h[?25l[A[1Gpulling manifest [K
pulling 60e05f210007:   4% ▕                  ▏ 189 MB/4.7 GB  1.6 MB/s  45m44s[K[?25h[?2026l[?2026h[?25l[A[1Gpulling manifest [K
pulling 60e05f210007:   4% ▕                  ▏ 189 MB/4.7 GB  1.6 MB/s  45m44s[K[?25h[?2026l[?2026h[?25l[A[1Gpulling manifest [K
pulling 60e05f210007:   4% ▕                  ▏ 189 MB/4.7 GB  1.6 MB/s  45m44s[K[?25h[?2026l[?2026h[?25l[A[1Gpulling manifest [K
pulling 60e05f210007:   4% ▕                  ▏ 190 MB/4.7 GB  1.6 MB/s  45m46s[K[?25h[?2026l[?2026h[?25l[A[1Gpulling manifest [K
pulling 60e05f210007:   4% ▕                  ▏ 190 MB/4.7 GB  1.6 MB/s  45m46s[K[?25h[?2026l[?2026h[?25l[A[1Gpulling manifest [K
pulling 60e05f210007:   4% ▕                  ▏ 190 MB/4.7 GB  1.6 MB/s  45m45s[K[?25h[?2026l[?2026h[?25l[A[1Gpulling manifest [K
pulling 60e05f210007:   4% ▕                  ▏ 190 MB/4.7 GB  1.6 MB/s  45m45s[K[?25h[?2026l[?2026h[?25l[A[1Gpulling manifest [K
pulling 60e05f210007:   4% ▕                  ▏ 190 MB/4.7 GB  1.6 MB/s  45m45s[K[?25h[?2026l[?2026h[?25l[A[1Gpulling manifest [K
pulling 60e05f210007:   4% ▕                  ▏ 190 MB/4.7 GB  1.6 MB/s  45m45s[K[?25h[?2026l[?2026h[?25l[A[1Gpulling manifest [K
pulling 60e05f210007:   4% ▕                  ▏ 190 MB/4.7 GB  1.6 MB/s  45m45s[K[?25h[?2026l[?2026h[?25l[A[1Gpulling manifest [K
pulling 60e05f210007:   4% ▕                  ▏ 191 MB/4.7 GB  1.6 MB/s  45m45s[K[?25h[?2026l[?2026h[?25l[A[1Gpulling manifest [K
pulling 60e05f210007:   4% ▕                  ▏ 191 MB/4.7 GB  1.6 MB/s  45m45s[K[?25h[?2026l[?2026h[?25l[A[1Gpulling manifest [K
pulling 60e05f210007:   4% ▕                  ▏ 191 MB/4.7 GB  1.6 MB/s  45m45s[K[?25h[?2026l[?2026h[?25l[A[1Gpulling manifest [K
pulling 60e05f210007:   4% ▕                  ▏ 191 MB/4.7 GB  1.6 MB/s  46m18s[K[?25h[?2026l[?2026h[?25l[A[1Gpulling manifest [K
pulling 60e05f210007:   4% ▕                  ▏ 191 MB/4.7 GB  1.6 MB/s  46m18s[K[?25h[?2026l[?2026h[?25l[A[1Gpulling manifest [K
pulling 60e05f210007:   4% ▕                  ▏ 191 MB/4.7 GB  1.6 MB/s  46m18s[K[?25h[?2026l[?2026h[?25l[A[1Gpulling manifest [K
pulling 60e05f210007:   4% ▕                  ▏ 192 MB/4.7 GB  1.6 MB/s  46m18s[K[?25h[?2026l[?2026h[?25l[A[1Gpulling manifest [K
pulling 60e05f210007:   4% ▕                  ▏ 192 MB/4.7 GB  1.6 MB/s  46m18s[K[?25h[?2026l[?2026h[?25l[A[1Gpulling manifest [K
pulling 60e05f210007:   4% ▕                  ▏ 192 MB/4.7 GB  1.6 MB/s  46m17s[K[?25h[?2026l[?2026h[?25l[A[1Gpulling manifest [K
pulling 60e05f210007:   4% ▕                  ▏ 192 MB/4.7 GB  1.6 MB/s  46m17s[K[?25h[?2026l[?2026h[?25l[A[1Gpulling manifest [K
pulling 60e05f210007:   4% ▕                  ▏ 192 MB/4.7 GB  1.6 MB/s  46m17s[K[?25h[?2026l[?2026h[?25l[A[1Gpulling manifest [K
pulling 60e05f210007:   4% ▕                  ▏ 192 MB/4.7 GB  1.6 MB/s  46m17s[K[?25h[?2026l[?2026h[?25l[A[1Gpulling manifest [K
pulling 60e05f210007:   4% ▕                  ▏ 193 MB/4.7 GB  1.6 MB/s  46m17s[K[?25h[?2026l[?2026h[?25l[A[1Gpulling manifest [K
pulling 60e05f210007:   4% ▕                  ▏ 193 MB/4.7 GB  1.6 MB/s  46m30s[K[?25h[?2026l[?2026h[?25l[A[1Gpulling manifest [K
pulling 60e05f210007:   4% ▕                  ▏ 193 MB/4.7 GB  1.6 MB/s  46m30s[K[?25h[?2026l[?2026h[?25l[A[1Gpulling manifest [K
pulling 60e05f210007:   4% ▕                  ▏ 193 MB/4.7 GB  1.6 MB/s  46m30s[K[?25h[?2026l[?2026h[?25l[A[1Gpulling manifest [K
pulling 60e05f210007:   4% ▕                  ▏ 193 MB/4.7 GB  1.6 MB/s  46m30s[K[?25h[?2026l[?2026h[?25l[A[1Gpulling manifest [K
pulling 60e05f210007:   4% ▕                  ▏ 193 MB/4.7 GB  1.6 MB/s  46m30s[K[?25h[?2026l[?2026h[?25l[A[1Gpulling manifest [K
pulling 60e05f210007:   4% ▕                  ▏ 193 MB/4.7 GB  1.6 MB/s  46m30s[K[?25h[?2026l[?2026h[?25l[A[1Gpulling manifest [K
pulling 60e05f210007:   4% ▕                  ▏ 194 MB/4.7 GB  1.6 MB/s  46m30s[K[?25h[?2026l[?2026h[?25l[A[1Gpulling manifest [K
pulling 60e05f210007:   4% ▕                  ▏ 194 MB/4.7 GB  1.6 MB/s  46m30s[K[?25h[?2026l[?2026h[?25l[A[1Gpulling manifest [K
pulling 60e05f210007:   4% ▕                  ▏ 194 MB/4.7 GB  1.6 MB/s  46m30s[K[?25h[?2026l[?2026h[?25l[A[1Gpulling manifest [K
pulling 60e05f210007:   4% ▕                  ▏ 194 MB/4.7 GB  1.6 MB/s  46m29s[K[?25h[?2026l[?2026h[?25l[A[1Gpulling manifest [K
pulling 60e05f210007:   4% ▕                  ▏ 194 MB/4.7 GB  1.6 MB/s  46m12s[K[?25h[?2026l[?2026h[?25l[A[1Gpulling manifest [K
pulling 60e05f210007:   4% ▕                  ▏ 194 MB/4.7 GB  1.6 MB/s  46m12s[K[?25h[?2026l[?2026h[?25l[A[1Gpulling manifest [K
pulling 60e05f210007:   4% ▕                  ▏ 195 MB/4.7 GB  1.6 MB/s  46m12s[K[?25h[?2026l[?2026h[?25l[A[1Gpulling manifest [K
pulling 60e05f210007:   4% ▕                  ▏ 195 MB/4.7 GB  1.6 MB/s  46m12s[K[?25h[?2026l[?2026h[?25l[A[1Gpulling manifest [K
pulling 60e05f210007:   4% ▕                  ▏ 195 MB/4.7 GB  1.6 MB/s  46m12s[K[?25h[?2026l[?2026h[?25l[A[1Gpulling manifest [K
pulling 60e05f210007:   4% ▕                  ▏ 195 MB/4.7 GB  1.6 MB/s  46m12s[K[?25h[?2026l[?2026h[?25l[A[1Gpulling manifest [K
pulling 60e05f210007:   4% ▕                  ▏ 195 MB/4.7 GB  1.6 MB/s  46m11s[K[?25h[?2026l[?2026h[?25l[A[1Gpulling manifest [K
pulling 60e05f210007:   4% ▕                  ▏ 195 MB/4.7 GB  1.6 MB/s  46m11s[K[?25h[?2026l[?2026h[?25l[A[1Gpulling manifest [K
pulling 60e05f210007:   4% ▕                  ▏ 196 MB/4.7 GB  1.6 MB/s  46m11s[K[?25h[?2026l[?2026h[?25l[A[1Gpulling manifest [K
pulling 60e05f210007:   4% ▕                  ▏ 196 MB/4.7 GB  1.6 MB/s  46m11s[K[?25h[?2026l[?2026h[?25l[A[1Gpulling manifest [K
pulling 60e05f210007:   4% ▕                  ▏ 196 MB/4.7 GB  1.6 MB/s  46m11s[K[?25h[?2026l[?2026h[?25l[A[1Gpulling manifest [K
pulling 60e05f210007:   4% ▕                  ▏ 196 MB/4.7 GB  1.6 MB/s  46m28s[K[?25h[?2026l[?2026h[?25l[A[1Gpulling manifest [K
pulling 60e05f210007:   4% ▕                  ▏ 196 MB/4.7 GB  1.6 MB/s  46m27s[K[?25h[?2026l[?2026h[?25l[A[1Gpulling manifest [K
pulling 60e05f210007:   4% ▕                  ▏ 196 MB/4.7 GB  1.6 MB/s  46m27s[K[?25h[?2026l[?2026h[?25l[A[1Gpulling manifest [K
pulling 60e05f210007:   4% ▕                  ▏ 197 MB/4.7 GB  1.6 MB/s  46m27s[K[?25h[?2026l[?2026h[?25l[A[1Gpulling manifest [K
pulling 60e05f210007:   4% ▕                  ▏ 197 MB/4.7 GB  1.6 MB/s  46m27s[K[?25h[?2026l[?2026h[?25l[A[1Gpulling manifest [K
pulling 60e05f210007:   4% ▕                  ▏ 197 MB/4.7 GB  1.6 MB/s  46m27s[K[?25h[?2026l[?2026h[?25l[A[1Gpulling manifest [K
pulling 60e05f210007:   4% ▕                  ▏ 197 MB/4.7 GB  1.6 MB/s  46m27s[K[?25h[?2026l[?2026h[?25l[A[1Gpulling manifest [K
pulling 60e05f210007:   4% ▕                  ▏ 197 MB/4.7 GB  1.6 MB/s  46m27s[K[?25h[?2026l[?2026h[?25l[A[1Gpulling manifest [K
pulling 60e05f210007:   4% ▕                  ▏ 197 MB/4.7 GB  1.6 MB/s  46m27s[K[?25h[?2026l[?2026h[?25l[A[1Gpulling manifest [K
pulling 60e05f210007:   4% ▕                  ▏ 197 MB/4.7 GB  1.6 MB/s  46m27s[K[?25h[?2026l[?2026h[?25l[A[1Gpulling manifest [K
pulling 60e05f210007:   4% ▕                  ▏ 198 MB/4.7 GB  1.6 MB/s  46m30s[K[?25h[?2026l[?2026h[?25l[A[1Gpulling manifest [K
pulling 60e05f210007:   4% ▕                  ▏ 198 MB/4.7 GB  1.6 MB/s  46m30s[K[?25h[?2026l[?2026h[?25l[A[1Gpulling manifest [K
pulling 60e05f210007:   4% ▕                  ▏ 198 MB/4.7 GB  1.6 MB/s  46m29s[K[?25h[?2026l[?2026h[?25l[A[1Gpulling manifest [K
pulling 60e05f210007:   4% ▕                  ▏ 198 MB/4.7 GB  1.6 MB/s  46m29s[K[?25h[?2026l[?2026h[?25l[A[1Gpulling manifest [K
pulling 60e05f210007:   4% ▕                  ▏ 198 MB/4.7 GB  1.6 MB/s  46m29s[K[?25h[?2026l[?2026h[?25l[A[1Gpulling manifest [K
pulling 60e05f210007:   4% ▕                  ▏ 199 MB/4.7 GB  1.6 MB/s  46m29s[K[?25h[?2026l[?2026h[?25l[A[1Gpulling manifest [K
pulling 60e05f210007:   4% ▕                  ▏ 199 MB/4.7 GB  1.6 MB/s  46m29s[K[?25h[?2026l[?2026h[?25l[A[1Gpulling manifest [K
pulling 60e05f210007:   4% ▕                  ▏ 199 MB/4.7 GB  1.6 MB/s  46m29s[K[?25h[?2026l[?2026h[?25l[A[1Gpulling manifest [K
pulling 60e05f210007:   4% ▕                  ▏ 199 MB/4.7 GB  1.6 MB/s  46m29s[K[?25h[?2026l[?2026h[?25l[A[1Gpulling manifest [K
pulling 60e05f210007:   4% ▕                  ▏ 199 MB/4.7 GB  1.6 MB/s  46m29s[K[?25h[?2026l[?2026h[?25l[A[1Gpulling manifest [K
pulling 60e05f210007:   4% ▕                  ▏ 199 MB/4.7 GB  1.6 MB/s  45m58s[K[?25h[?2026l[?2026h[?25l[A[1Gpulling manifest [K
pulling 60e05f210007:   4% ▕                  ▏ 199 MB/4.7 GB  1.6 MB/s  45m58s[K[?25h[?2026l[?2026h[?25l[A[1Gpulling manifest [K
pulling 60e05f210007:   4% ▕                  ▏ 200 MB/4.7 GB  1.6 MB/s  45m58s[K[?25h[?2026l[?2026h[?25l[A[1Gpulling manifest [K
pulling 60e05f210007:   4% ▕                  ▏ 200 MB/4.7 GB  1.6 MB/s  45m58s[K[?25h[?2026l[?2026h[?25l[A[1Gpulling manifest [K
pulling 60e05f210007:   4% ▕                  ▏ 200 MB/4.7 GB  1.6 MB/s  45m58s[K[?25h[?2026l[?2026h[?25l[A[1Gpulling manifest [K
pulling 60e05f210007:   4% ▕                  ▏ 200 MB/4.7 GB  1.6 MB/s  45m58s[K[?25h[?2026l[?2026h[?25l[A[1Gpulling manifest [K
pulling 60e05f210007:   4% ▕                  ▏ 200 MB/4.7 GB  1.6 MB/s  45m58s[K[?25h[?2026l[?2026h[?25l[A[1Gpulling manifest [K
pulling 60e05f210007:   4% ▕                  ▏ 200 MB/4.7 GB  1.6 MB/s  45m58s[K[?25h[?2026l[?2026h[?25l[A[1Gpulling manifest [K
pulling 60e05f210007:   4% ▕                  ▏ 201 MB/4.7 GB  1.6 MB/s  45m57s[K[?25h[?2026l[?2026h[?25l[A[1Gpulling manifest [K
pulling 60e05f210007:   4% ▕                  ▏ 201 MB/4.7 GB  1.6 MB/s  45m57s[K[?25h[?2026l[?2026h[?25l[A[1Gpulling manifest [K
pulling 60e05f210007:   4% ▕                  ▏ 201 MB/4.7 GB  1.7 MB/s  45m15s[K[?25h[?2026l[?2026h[?25l[A[1Gpulling manifest [K
pulling 60e05f210007:   4% ▕                  ▏ 201 MB/4.7 GB  1.7 MB/s  45m15s[K[?25h[?2026l[?2026h[?25l[A[1Gpulling manifest [K
pulling 60e05f210007:   4% ▕                  ▏ 201 MB/4.7 GB  1.7 MB/s  45m15s[K[?25h[?2026l[?2026h[?25l[A[1Gpulling manifest [K
pulling 60e05f210007:   4% ▕                  ▏ 202 MB/4.7 GB  1.7 MB/s  45m15s[K[?25h[?2026l[?2026h[?25l[A[1Gpulling manifest [K
pulling 60e05f210007:   4% ▕                  ▏ 202 MB/4.7 GB  1.7 MB/s  45m15s[K[?25h[?2026l[?2026h[?25l[A[1Gpulling manifest [K
pulling 60e05f210007:   4% ▕                  ▏ 202 MB/4.7 GB  1.7 MB/s  45m15s[K[?25h[?2026l[?2026h[?25l[A[1Gpulling manifest [K
pulling 60e05f210007:   4% ▕                  ▏ 202 MB/4.7 GB  1.7 MB/s  45m15s[K[?25h[?2026l[?2026h[?25l[A[1Gpulling manifest [K
pulling 60e05f210007:   4% ▕                  ▏ 202 MB/4.7 GB  1.7 MB/s  45m15s[K[?25h[?2026l[?2026h[?25l[A[1Gpulling manifest [K
pulling 60e05f210007:   4% ▕                  ▏ 202 MB/4.7 GB  1.7 MB/s  45m15s[K[?25h[?2026l[?2026h[?25l[A[1Gpulling manifest [K
pulling 60e05f210007:   4% ▕                  ▏ 203 MB/4.7 GB  1.7 MB/s  45m14s[K[?25h[?2026l[?2026h[?25l[A[1Gpulling manifest [K
pulling 60e05f210007:   4% ▕                  ▏ 203 MB/4.7 GB  1.7 MB/s  44m48s[K[?25h[?2026l[?2026h[?25l[A[1Gpulling manifest [K
pulling 60e05f210007:   4% ▕                  ▏ 203 MB/4.7 GB  1.7 MB/s  44m48s[K[?25h[?2026l[?2026h[?25l[A[1Gpulling manifest [K
pulling 60e05f210007:   4% ▕                  ▏ 203 MB/4.7 GB  1.7 MB/s  44m48s[K[?25h[?2026l[?2026h[?25l[A[1Gpulling manifest [K
pulling 60e05f210007:   4% ▕                  ▏ 203 MB/4.7 GB  1.7 MB/s  44m48s[K[?25h[?2026l[?2026h[?25l[A[1Gpulling manifest [K
pulling 60e05f210007:   4% ▕                  ▏ 203 MB/4.7 GB  1.7 MB/s  44m48s[K[?25h[?2026l[?2026h[?25l[A[1Gpulling manifest [K
pulling 60e05f210007:   4% ▕                  ▏ 204 MB/4.7 GB  1.7 MB/s  44m48s[K[?25h[?2026l[?2026h[?25l[A[1Gpulling manifest [K
pulling 60e05f210007:   4% ▕                  ▏ 204 MB/4.7 GB  1.7 MB/s  44m48s[K[?25h[?2026l[?2026h[?25l[A[1Gpulling manifest [K
pulling 60e05f210007:   4% ▕                  ▏ 204 MB/4.7 GB  1.7 MB/s  44m48s[K[?25h[?2026l[?2026h[?25l[A[1Gpulling manifest [K
pulling 60e05f210007:   4% ▕                  ▏ 204 MB/4.7 GB  1.7 MB/s  44m48s[K[?25h[?2026l[?2026h[?25l[A[1Gpulling manifest [K
pulling 60e05f210007:   4% ▕                  ▏ 204 MB/4.7 GB  1.7 MB/s  44m47s[K[?25h[?2026l[?2026h[?25l[A[1Gpulling manifest [K
pulling 60e05f210007:   4% ▕                  ▏ 204 MB/4.7 GB  1.7 MB/s  44m47s[K[?25h[?2026l[?2026h[?25l[A[1Gpulling manifest [K
pulling 60e05f210007:   4% ▕                  ▏ 205 MB/4.7 GB  1.7 MB/s  44m53s[K[?25h[?2026l[?2026h[?25l[A[1Gpulling manifest [K
pulling 60e05f210007:   4% ▕                  ▏ 205 MB/4.7 GB  1.7 MB/s  44m53s[K[?25h[?2026l[?2026h[?25l[A[1Gpulling manifest [K
pulling 60e05f210007:   4% ▕                  ▏ 205 MB/4.7 GB  1.7 MB/s  44m53s[K[?25h[?2026l[?2026h[?25l[A[1Gpulling manifest [K
pulling 60e05f210007:   4% ▕                  ▏ 205 MB/4.7 GB  1.7 MB/s  44m52s[K[?25h[?2026l[?2026h[?25l[A[1Gpulling manifest [K
pulling 60e05f210007:   4% ▕                  ▏ 205 MB/4.7 GB  1.7 MB/s  44m52s[K[?25h[?2026l[?2026h[?25l[A[1Gpulling manifest [K
pulling 60e05f210007:   4% ▕                  ▏ 205 MB/4.7 GB  1.7 MB/s  44m52s[K[?25h[?2026l[?2026h[?25l[A[1Gpulling manifest [K
pulling 60e05f210007:   4% ▕                  ▏ 206 MB/4.7 GB  1.7 MB/s  44m52s[K[?25h[?2026l[?2026h[?25l[A[1Gpulling manifest [K
pulling 60e05f210007:   4% ▕                  ▏ 206 MB/4.7 GB  1.7 MB/s  44m52s[K[?25h[?2026l[?2026h[?25l[A[1Gpulling manifest [K
pulling 60e05f210007:   4% ▕                  ▏ 206 MB/4.7 GB  1.7 MB/s  44m52s[K[?25h[?2026l[?2026h[?25l[A[1Gpulling manifest [K
pulling 60e05f210007:   4% ▕                  ▏ 206 MB/4.7 GB  1.7 MB/s  44m52s[K[?25h[?2026l[?2026h[?25l[A[1Gpulling manifest [K
pulling 60e05f210007:   4% ▕                  ▏ 206 MB/4.7 GB  1.7 MB/s  44m11s[K[?25h[?2026l[?2026h[?25l[A[1Gpulling manifest [K
pulling 60e05f210007:   4% ▕                  ▏ 207 MB/4.7 GB  1.7 MB/s  44m11s[K[?25h[?2026l[?2026h[?25l[A[1Gpulling manifest [K
pulling 60e05f210007:   4% ▕                  ▏ 207 MB/4.7 GB  1.7 MB/s  44m11s[K[?25h[?2026l[?2026h[?25l[A[1Gpulling manifest [K
pulling 60e05f210007:   4% ▕                  ▏ 207 MB/4.7 GB  1.7 MB/s  44m11s[K[?25h[?2026l[?2026h[?25l[A[1Gpulling manifest [K
pulling 60e05f210007:   4% ▕                  ▏ 207 MB/4.7 GB  1.7 MB/s  44m11s[K[?25h[?2026l[?2026h[?25l[A[1Gpulling manifest [K
pulling 60e05f210007:   4% ▕                  ▏ 207 MB/4.7 GB  1.7 MB/s  44m11s[K[?25h[?2026l[?2026h[?25l[A[1Gpulling manifest [K
pulling 60e05f210007:   4% ▕                  ▏ 207 MB/4.7 GB  1.7 MB/s  44m11s[K[?25h[?2026l[?2026h[?25l[A[1Gpulling manifest [K
pulling 60e05f210007:   4% ▕                  ▏ 208 MB/4.7 GB  1.7 MB/s  44m10s[K[?25h[?2026l[?2026h[?25l[A[1Gpulling manifest [K
pulling 60e05f210007:   4% ▕                  ▏ 208 MB/4.7 GB  1.7 MB/s  44m10s[K[?25h[?2026l[?2026h[?25l[A[1Gpulling manifest [K
pulling 60e05f210007:   4% ▕                  ▏ 208 MB/4.7 GB  1.7 MB/s  44m10s[K[?25h[?2026l[?2026h[?25l[A[1Gpulling manifest [K
pulling 60e05f210007:   4% ▕                  ▏ 208 MB/4.7 GB  1.7 MB/s  43m37s[K[?25h[?2026l[?2026h[?25l[A[1Gpulling manifest [K
pulling 60e05f210007:   4% ▕                  ▏ 208 MB/4.7 GB  1.7 MB/s  43m37s[K[?25h[?2026l[?2026h[?25l[A[1Gpulling manifest [K
pulling 60e05f210007:   4% ▕                  ▏ 208 MB/4.7 GB  1.7 MB/s  43m37s[K[?25h[?2026l[?2026h[?25l[A[1Gpulling manifest [K
pulling 60e05f210007:   4% ▕                  ▏ 209 MB/4.7 GB  1.7 MB/s  43m37s[K[?25h[?2026l[?2026h[?25l[A[1Gpulling manifest [K
pulling 60e05f210007:   4% ▕                  ▏ 209 MB/4.7 GB  1.7 MB/s  43m37s[K[?25h[?2026l[?2026h[?25l[A[1Gpulling manifest [K
pulling 60e05f210007:   4% ▕                  ▏ 209 MB/4.7 GB  1.7 MB/s  43m37s[K[?25h[?2026l[?2026h[?25l[A[1Gpulling manifest [K
pulling 60e05f210007:   4% ▕                  ▏ 209 MB/4.7 GB  1.7 MB/s  43m37s[K[?25h[?2026l[?2026h[?25l[A[1Gpulling manifest [K
pulling 60e05f210007:   4% ▕                  ▏ 209 MB/4.7 GB  1.7 MB/s  43m36s[K[?25h[?2026l[?2026h[?25l[A[1Gpulling manifest [K
pulling 60e05f210007:   4% ▕                  ▏ 209 MB/4.7 GB  1.7 MB/s  43m36s[K[?25h[?2026l[?2026h[?25l[A[1Gpulling manifest [K
pulling 60e05f210007:   4% ▕                  ▏ 210 MB/4.7 GB  1.7 MB/s  43m36s[K[?25h[?2026l[?2026h[?25l[A[1Gpulling manifest [K
pulling 60e05f210007:   4% ▕                  ▏ 210 MB/4.7 GB  1.7 MB/s  43m24s[K[?25h[?2026l[?2026h[?25l[A[1Gpulling manifest [K
pulling 60e05f210007:   4% ▕                  ▏ 210 MB/4.7 GB  1.7 MB/s  43m24s[K[?25h[?2026l[?2026h[?25l[A[1Gpulling manifest [K
pulling 60e05f210007:   4% ▕                  ▏ 210 MB/4.7 GB  1.7 MB/s  43m24s[K[?25h[?2026l[?2026h[?25l[A[1Gpulling manifest [K
pulling 60e05f210007:   5% ▕                  ▏ 210 MB/4.7 GB  1.7 MB/s  43m24s[K[?25h[?2026l[?2026h[?25l[A[1Gpulling manifest [K
pulling 60e05f210007:   5% ▕                  ▏ 211 MB/4.7 GB  1.7 MB/s  43m24s[K[?25h[?2026l[?2026h[?25l[A[1Gpulling manifest [K
pulling 60e05f210007:   5% ▕                  ▏ 211 MB/4.7 GB  1.7 MB/s  43m24s[K[?25h[?2026l[?2026h[?25l[A[1Gpulling manifest [K
pulling 60e05f210007:   5% ▕                  ▏ 211 MB/4.7 GB  1.7 MB/s  43m24s[K[?25h[?2026l[?2026h[?25l[A[1Gpulling manifest [K
pulling 60e05f210007:   5% ▕                  ▏ 211 MB/4.7 GB  1.7 MB/s  43m24s[K[?25h[?2026l[?2026h[?25l[A[1Gpulling manifest [K
pulling 60e05f210007:   5% ▕                  ▏ 211 MB/4.7 GB  1.7 MB/s  43m24s[K[?25h[?2026l[?2026h[?25l[A[1Gpulling manifest [K
pulling 60e05f210007:   5% ▕                  ▏ 211 MB/4.7 GB  1.7 MB/s  43m24s[K[?25h[?2026l[?2026h[?25l[A[1Gpulling manifest [K
pulling 60e05f210007:   5% ▕                  ▏ 212 MB/4.7 GB  1.7 MB/s  42m44s[K[?25h[?2026l[?2026h[?25l[A[1Gpulling manifest [K
pulling 60e05f210007:   5% ▕                  ▏ 212 MB/4.7 GB  1.7 MB/s  42m44s[K[?25h[?2026l[?2026h[?25l[A[1Gpulling manifest [K
pulling 60e05f210007:   5% ▕                  ▏ 212 MB/4.7 GB  1.7 MB/s  42m44s[K[?25h[?2026l[?2026h[?25l[A[1Gpulling manifest [K
pulling 60e05f210007:   5% ▕                  ▏ 212 MB/4.7 GB  1.7 MB/s  42m44s[K[?25h[?2026l[?2026h[?25l[A[1Gpulling manifest [K
pulling 60e05f210007:   5% ▕                  ▏ 212 MB/4.7 GB  1.7 MB/s  42m44s[K[?25h[?2026l[?2026h[?25l[A[1Gpulling manifest [K
pulling 60e05f210007:   5% ▕                  ▏ 212 MB/4.7 GB  1.7 MB/s  42m44s[K[?25h[?2026l[?2026h[?25l[A[1Gpulling manifest [K
pulling 60e05f210007:   5% ▕                  ▏ 213 MB/4.7 GB  1.7 MB/s  42m44s[K[?25h[?2026l[?2026h[?25l[A[1Gpulling manifest [K
pulling 60e05f210007:   5% ▕                  ▏ 213 MB/4.7 GB  1.7 MB/s  42m44s[K[?25h[?2026l[?2026h[?25l[A[1Gpulling manifest [K
pulling 60e05f210007:   5% ▕                  ▏ 213 MB/4.7 GB  1.7 MB/s  42m44s[K[?25h[?2026l[?2026h[?25l[A[1Gpulling manifest [K
pulling 60e05f210007:   5% ▕                  ▏ 213 MB/4.7 GB  1.7 MB/s  42m43s[K[?25h[?2026l[?2026h[?25l[A[1Gpulling manifest [K
pulling 60e05f210007:   5% ▕                  ▏ 213 MB/4.7 GB  1.7 MB/s  42m43s[K[?25h[?2026l[?2026h[?25l[A[1Gpulling manifest [K
pulling 60e05f210007:   5% ▕                  ▏ 214 MB/4.7 GB  1.8 MB/s  42m19s[K[?25h[?2026l[?2026h[?25l[A[1Gpulling manifest [K
pulling 60e05f210007:   5% ▕                  ▏ 214 MB/4.7 GB  1.8 MB/s  42m19s[K[?25h[?2026l[?2026h[?25l[A[1Gpulling manifest [K
pulling 60e05f210007:   5% ▕                  ▏ 214 MB/4.7 GB  1.8 MB/s  42m19s[K[?25h[?2026l[?2026h[?25l[A[1Gpulling manifest [K
pulling 60e05f210007:   5% ▕                  ▏ 214 MB/4.7 GB  1.8 MB/s  42m18s[K[?25h[?2026l[?2026h[?25l[A[1Gpulling manifest [K
pulling 60e05f210007:   5% ▕                  ▏ 214 MB/4.7 GB  1.8 MB/s  42m18s[K[?25h[?2026l[?2026h[?25l[A[1Gpulling manifest [K
pulling 60e05f210007:   5% ▕                  ▏ 214 MB/4.7 GB  1.8 MB/s  42m18s[K[?25h[?2026l[?2026h[?25l[A[1Gpulling manifest [K
pulling 60e05f210007:   5% ▕                  ▏ 215 MB/4.7 GB  1.8 MB/s  42m18s[K[?25h[?2026l[?2026h[?25l[A[1Gpulling manifest [K
pulling 60e05f210007:   5% ▕                  ▏ 215 MB/4.7 GB  1.8 MB/s  42m18s[K[?25h[?2026l[?2026h[?25l[A[1Gpulling manifest [K
pulling 60e05f210007:   5% ▕                  ▏ 215 MB/4.7 GB  1.8 MB/s  42m18s[K[?25h[?2026l[?2026h[?25l[A[1Gpulling manifest [K
pulling 60e05f210007:   5% ▕                  ▏ 215 MB/4.7 GB  1.8 MB/s  42m18s[K[?25h[?2026l[?2026h[?25l[A[1Gpulling manifest [K
pulling 60e05f210007:   5% ▕                  ▏ 215 MB/4.7 GB  1.8 MB/s  42m16s[K[?25h[?2026l[?2026h[?25l[A[1Gpulling manifest [K
pulling 60e05f210007:   5% ▕                  ▏ 215 MB/4.7 GB  1.8 MB/s  42m16s[K[?25h[?2026l[?2026h[?25l[A[1Gpulling manifest [K
pulling 60e05f210007:   5% ▕                  ▏ 216 MB/4.7 GB  1.8 MB/s  42m16s[K[?25h[?2026l[?2026h[?25l[A[1Gpulling manifest [K
pulling 60e05f210007:   5% ▕                  ▏ 216 MB/4.7 GB  1.8 MB/s  42m16s[K[?25h[?2026l[?2026h[?25l[A[1Gpulling manifest [K
pulling 60e05f210007:   5% ▕                  ▏ 216 MB/4.7 GB  1.8 MB/s  42m16s[K[?25h[?2026l[?2026h[?25l[A[1Gpulling manifest [K
pulling 60e05f210007:   5% ▕                  ▏ 216 MB/4.7 GB  1.8 MB/s  42m16s[K[?25h[?2026l[?2026h[?25l[A[1Gpulling manifest [K
pulling 60e05f210007:   5% ▕                  ▏ 216 MB/4.7 GB  1.8 MB/s  42m16s[K[?25h[?2026l[?2026h[?25l[A[1Gpulling manifest [K
pulling 60e05f210007:   5% ▕                  ▏ 216 MB/4.7 GB  1.8 MB/s  42m16s[K[?25h[?2026l[?2026h[?25l[A[1Gpulling manifest [K
pulling 60e05f210007:   5% ▕                  ▏ 217 MB/4.7 GB  1.8 MB/s  42m15s[K[?25h[?2026l[?2026h[?25l[A[1Gpulling manifest [K
pulling 60e05f210007:   5% ▕                  ▏ 217 MB/4.7 GB  1.8 MB/s  42m15s[K[?25h[?2026l[?2026h[?25l[A[1Gpulling manifest [K
pulling 60e05f210007:   5% ▕                  ▏ 217 MB/4.7 GB  1.8 MB/s  42m12s[K[?25h[?2026l[?2026h[?25l[A[1Gpulling manifest [K
pulling 60e05f210007:   5% ▕                  ▏ 217 MB/4.7 GB  1.8 MB/s  42m11s[K[?25h[?2026l[?2026h[?25l[A[1Gpulling manifest [K
pulling 60e05f210007:   5% ▕                  ▏ 217 MB/4.7 GB  1.8 MB/s  42m11s[K[?25h[?2026l[?2026h[?25l[A[1Gpulling manifest [K
pulling 60e05f210007:   5% ▕                  ▏ 218 MB/4.7 GB  1.8 MB/s  42m11s[K[?25h[?2026l[?2026h[?25l[A[1Gpulling manifest [K
pulling 60e05f210007:   5% ▕                  ▏ 218 MB/4.7 GB  1.8 MB/s  42m11s[K[?25h[?2026l[?2026h[?25l[A[1Gpulling manifest [K
pulling 60e05f210007:   5% ▕                  ▏ 218 MB/4.7 GB  1.8 MB/s  42m11s[K[?25h[?2026l[?2026h[?25l[A[1Gpulling manifest [K
pulling 60e05f210007:   5% ▕                  ▏ 218 MB/4.7 GB  1.8 MB/s  42m11s[K[?25h[?2026l[?2026h[?25l[A[1Gpulling manifest [K
pulling 60e05f210007:   5% ▕                  ▏ 218 MB/4.7 GB  1.8 MB/s  42m11s[K[?25h[?2026l[?2026h[?25l[A[1Gpulling manifest [K
pulling 60e05f210007:   5% ▕                  ▏ 219 MB/4.7 GB  1.8 MB/s  42m11s[K[?25h[?2026l[?2026h[?25l[A[1Gpulling manifest [K
pulling 60e05f210007:   5% ▕                  ▏ 219 MB/4.7 GB  1.8 MB/s  42m11s[K[?25h[?2026l[?2026h[?25l[A[1Gpulling manifest [K
pulling 60e05f210007:   5% ▕                  ▏ 219 MB/4.7 GB  1.8 MB/s   42m1s[K[?25h[?2026l[?2026h[?25l[A[1Gpulling manifest [K
pulling 60e05f210007:   5% ▕                  ▏ 219 MB/4.7 GB  1.8 MB/s   42m1s[K[?25h[?2026l[?2026h[?25l[A[1Gpulling manifest [K
pulling 60e05f210007:   5% ▕                  ▏ 219 MB/4.7 GB  1.8 MB/s   42m0s[K[?25h[?2026l[?2026h[?25l[A[1Gpulling manifest [K
pulling 60e05f210007:   5% ▕                  ▏ 219 MB/4.7 GB  1.8 MB/s   42m0s[K[?25h[?2026l[?2026h[?25l[A[1Gpulling manifest [K
pulling 60e05f210007:   5% ▕                  ▏ 219 MB/4.7 GB  1.8 MB/s   42m0s[K[?25h[?2026l[?2026h[?25l[A[1Gpulling manifest [K
pulling 60e05f210007:   5% ▕                  ▏ 220 MB/4.7 GB  1.8 MB/s   42m0s[K[?25h[?2026l[?2026h[?25l[A[1Gpulling manifest [K
pulling 60e05f210007:   5% ▕                  ▏ 220 MB/4.7 GB  1.8 MB/s   42m0s[K[?25h[?2026l[?2026h[?25l[A[1Gpulling manifest [K
pulling 60e05f210007:   5% ▕                  ▏ 220 MB/4.7 GB  1.8 MB/s   42m0s[K[?25h[?2026l[?2026h[?25l[A[1Gpulling manifest [K
pulling 60e05f210007:   5% ▕                  ▏ 220 MB/4.7 GB  1.8 MB/s   42m0s[K[?25h[?2026l[?2026h[?25l[A[1Gpulling manifest [K
pulling 60e05f210007:   5% ▕                  ▏ 220 MB/4.7 GB  1.8 MB/s   42m0s[K[?25h[?2026l[?2026h[?25l[A[1Gpulling manifest [K
pulling 60e05f210007:   5% ▕                  ▏ 221 MB/4.7 GB  1.8 MB/s  41m46s[K[?25h[?2026l[?2026h[?25l[A[1Gpulling manifest [K
pulling 60e05f210007:   5% ▕                  ▏ 221 MB/4.7 GB  1.8 MB/s  41m46s[K[?25h[?2026l[?2026h[?25l[A[1Gpulling manifest [K
pulling 60e05f210007:   5% ▕                  ▏ 221 MB/4.7 GB  1.8 MB/s  41m46s[K[?25h[?2026l[?2026h[?25l[A[1Gpulling manifest [K
pulling 60e05f210007:   5% ▕                  ▏ 221 MB/4.7 GB  1.8 MB/s  41m46s[K[?25h[?2026l[?2026h[?25l[A[1Gpulling manifest [K
pulling 60e05f210007:   5% ▕                  ▏ 221 MB/4.7 GB  1.8 MB/s  41m46s[K[?25h[?2026l[?2026h[?25l[A[1Gpulling manifest [K
pulling 60e05f210007:   5% ▕                  ▏ 221 MB/4.7 GB  1.8 MB/s  41m46s[K[?25h[?2026l[?2026h[?25l[A[1Gpulling manifest [K
pulling 60e05f210007:   5% ▕                  ▏ 222 MB/4.7 GB  1.8 MB/s  41m46s[K[?25h[?2026l[?2026h[?25l[A[1Gpulling manifest [K
pulling 60e05f210007:   5% ▕                  ▏ 222 MB/4.7 GB  1.8 MB/s  41m46s[K[?25h[?2026l[?2026h[?25l[A[1Gpulling manifest [K
pulling 60e05f210007:   5% ▕                  ▏ 222 MB/4.7 GB  1.8 MB/s  41m46s[K[?25h[?2026l[?2026h[?25l[A[1Gpulling manifest [K
pulling 60e05f210007:   5% ▕                  ▏ 222 MB/4.7 GB  1.8 MB/s  41m46s[K[?25h[?2026l[?2026h[?25l[A[1Gpulling manifest [K
pulling 60e05f210007:   5% ▕                  ▏ 222 MB/4.7 GB  1.8 MB/s  41m46s[K[?25h[?2026l[?2026h[?25l[A[1Gpulling manifest [K
pulling 60e05f210007:   5% ▕                  ▏ 222 MB/4.7 GB  1.8 MB/s  41m43s[K[?25h[?2026l[?2026h[?25l[A[1Gpulling manifest [K
pulling 60e05f210007:   5% ▕                  ▏ 223 MB/4.7 GB  1.8 MB/s  41m43s[K[?25h[?2026l[?2026h[?25l[A[1Gpulling manifest [K
pulling 60e05f210007:   5% ▕                  ▏ 223 MB/4.7 GB  1.8 MB/s  41m43s[K[?25h[?2026l[?2026h[?25l[A[1Gpulling manifest [K
pulling 60e05f210007:   5% ▕                  ▏ 223 MB/4.7 GB  1.8 MB/s  41m43s[K[?25h[?2026l[?2026h[?25l[A[1Gpulling manifest [K
pulling 60e05f210007:   5% ▕                  ▏ 223 MB/4.7 GB  1.8 MB/s  41m43s[K[?25h[?2026l[?2026h[?25l[A[1Gpulling manifest [K
pulling 60e05f210007:   5% ▕                  ▏ 223 MB/4.7 GB  1.8 MB/s  41m43s[K[?25h[?2026l[?2026h[?25l[A[1Gpulling manifest [K
pulling 60e05f210007:   5% ▕                  ▏ 223 MB/4.7 GB  1.8 MB/s  41m43s[K[?25h[?2026l[?2026h[?25l[A[1Gpulling manifest [K
pulling 60e05f210007:   5% ▕                  ▏ 224 MB/4.7 GB  1.8 MB/s  41m43s[K[?25h[?2026l[?2026h[?25l[A[1Gpulling manifest [K
pulling 60e05f210007:   5% ▕                  ▏ 224 MB/4.7 GB  1.8 MB/s  41m43s[K[?25h[?2026l[?2026h[?25l[A[1Gpulling manifest [K
pulling 60e05f210007:   5% ▕                  ▏ 224 MB/4.7 GB  1.8 MB/s  41m43s[K[?25h[?2026l[?2026h[?25l[A[1Gpulling manifest [K
pulling 60e05f210007:   5% ▕                  ▏ 224 MB/4.7 GB  1.8 MB/s  41m36s[K[?25h[?2026l[?2026h[?25l[A[1Gpulling manifest [K
pulling 60e05f210007:   5% ▕                  ▏ 224 MB/4.7 GB  1.8 MB/s  41m36s[K[?25h[?2026l[?2026h[?25l[A[1Gpulling manifest [K
pulling 60e05f210007:   5% ▕                  ▏ 225 MB/4.7 GB  1.8 MB/s  41m36s[K[?25h[?2026l[?2026h[?25l[A[1Gpulling manifest [K
pulling 60e05f210007:   5% ▕                  ▏ 225 MB/4.7 GB  1.8 MB/s  41m36s[K[?25h[?2026l[?2026h[?25l[A[1Gpulling manifest [K
pulling 60e05f210007:   5% ▕                  ▏ 225 MB/4.7 GB  1.8 MB/s  41m35s[K[?25h[?2026l[?2026h[?25l[A[1Gpulling manifest [K
pulling 60e05f210007:   5% ▕                  ▏ 225 MB/4.7 GB  1.8 MB/s  41m35s[K[?25h[?2026l[?2026h[?25l[A[1Gpulling manifest [K
pulling 60e05f210007:   5% ▕                  ▏ 225 MB/4.7 GB  1.8 MB/s  41m35s[K[?25h[?2026l[?2026h[?25l[A[1Gpulling manifest [K
pulling 60e05f210007:   5% ▕                  ▏ 225 MB/4.7 GB  1.8 MB/s  41m35s[K[?25h[?2026l[?2026h[?25l[A[1Gpulling manifest [K
pulling 60e05f210007:   5% ▕                  ▏ 226 MB/4.7 GB  1.8 MB/s  41m35s[K[?25h[?2026l[?2026h[?25l[A[1Gpulling manifest [K
pulling 60e05f210007:   5% ▕                  ▏ 226 MB/4.7 GB  1.8 MB/s  41m35s[K[?25h[?2026l[?2026h[?25l[A[1Gpulling manifest [K
pulling 60e05f210007:   5% ▕                  ▏ 226 MB/4.7 GB  1.8 MB/s  41m17s[K[?25h[?2026l[?2026h[?25l[A[1Gpulling manifest [K
pulling 60e05f210007:   5% ▕                  ▏ 226 MB/4.7 GB  1.8 MB/s  41m17s[K[?25h[?2026l[?2026h[?25l[A[1Gpulling manifest [K
pulling 60e05f210007:   5% ▕                  ▏ 226 MB/4.7 GB  1.8 MB/s  41m17s[K[?25h[?2026l[?2026h[?25l[A[1Gpulling manifest [K
pulling 60e05f210007:   5% ▕                  ▏ 226 MB/4.7 GB  1.8 MB/s  41m17s[K[?25h[?2026l[?2026h[?25l[A[1Gpulling manifest [K
pulling 60e05f210007:   5% ▕                  ▏ 227 MB/4.7 GB  1.8 MB/s  41m17s[K[?25h[?2026l[?2026h[?25l[A[1Gpulling manifest [K
pulling 60e05f210007:   5% ▕                  ▏ 227 MB/4.7 GB  1.8 MB/s  41m17s[K[?25h[?2026l[?2026h[?25l[A[1Gpulling manifest [K
pulling 60e05f210007:   5% ▕                  ▏ 227 MB/4.7 GB  1.8 MB/s  41m17s[K[?25h[?2026l[?2026h[?25l[A[1Gpulling manifest [K
pulling 60e05f210007:   5% ▕                  ▏ 227 MB/4.7 GB  1.8 MB/s  41m17s[K[?25h[?2026l[?2026h[?25l[A[1Gpulling manifest [K
pulling 60e05f210007:   5% ▕                  ▏ 227 MB/4.7 GB  1.8 MB/s  41m16s[K[?25h[?2026l[?2026h[?25l[A[1Gpulling manifest [K
pulling 60e05f210007:   5% ▕                  ▏ 227 MB/4.7 GB  1.8 MB/s  41m16s[K[?25h[?2026l[?2026h[?25l[A[1Gpulling manifest [K
pulling 60e05f210007:   5% ▕                  ▏ 228 MB/4.7 GB  1.8 MB/s  41m37s[K[?25h[?2026l[?2026h[?25l[A[1Gpulling manifest [K
pulling 60e05f210007:   5% ▕                  ▏ 228 MB/4.7 GB  1.8 MB/s  41m37s[K[?25h[?2026l[?2026h[?25l[A[1Gpulling manifest [K
pulling 60e05f210007:   5% ▕                  ▏ 228 MB/4.7 GB  1.8 MB/s  41m37s[K[?25h[?2026l[?2026h[?25l[A[1Gpulling manifest [K
pulling 60e05f210007:   5% ▕                  ▏ 228 MB/4.7 GB  1.8 MB/s  41m36s[K[?25h[?2026l[?2026h[?25l[A[1Gpulling manifest [K
pulling 60e05f210007:   5% ▕                  ▏ 228 MB/4.7 GB  1.8 MB/s  41m36s[K[?25h[?2026l[?2026h[?25l[A[1Gpulling manifest [K
pulling 60e05f210007:   5% ▕                  ▏ 228 MB/4.7 GB  1.8 MB/s  41m36s[K[?25h[?2026l[?2026h[?25l[A[1Gpulling manifest [K
pulling 60e05f210007:   5% ▕                  ▏ 229 MB/4.7 GB  1.8 MB/s  41m36s[K[?25h[?2026l[?2026h[?25l[A[1Gpulling manifest [K
pulling 60e05f210007:   5% ▕                  ▏ 229 MB/4.7 GB  1.8 MB/s  41m36s[K[?25h[?2026l[?2026h[?25l[A[1Gpulling manifest [K
pulling 60e05f210007:   5% ▕                  ▏ 229 MB/4.7 GB  1.8 MB/s  41m36s[K[?25h[?2026l[?2026h[?25l[A[1Gpulling manifest [K
pulling 60e05f210007:   5% ▕                  ▏ 229 MB/4.7 GB  1.8 MB/s  41m36s[K[?25h[?2026l[?2026h[?25l[A[1Gpulling manifest [K
pulling 60e05f210007:   5% ▕                  ▏ 230 MB/4.7 GB  1.8 MB/s  41m16s[K[?25h[?2026l[?2026h[?25l[A[1Gpulling manifest [K
pulling 60e05f210007:   5% ▕                  ▏ 230 MB/4.7 GB  1.8 MB/s  41m15s[K[?25h[?2026l[?2026h[?25l[A[1Gpulling manifest [K
pulling 60e05f210007:   5% ▕                  ▏ 230 MB/4.7 GB  1.8 MB/s  41m15s[K[?25h[?2026l[?2026h[?25l[A[1Gpulling manifest [K
pulling 60e05f210007:   5% ▕                  ▏ 230 MB/4.7 GB  1.8 MB/s  41m15s[K[?25h[?2026l[?2026h[?25l[A[1Gpulling manifest [K
pulling 60e05f210007:   5% ▕                  ▏ 230 MB/4.7 GB  1.8 MB/s  41m15s[K[?25h[?2026l[?2026h[?25l[A[1Gpulling manifest [K
pulling 60e05f210007:   5% ▕                  ▏ 230 MB/4.7 GB  1.8 MB/s  41m15s[K[?25h[?2026l[?2026h[?25l[A[1Gpulling manifest [K
pulling 60e05f210007:   5% ▕                  ▏ 231 MB/4.7 GB  1.8 MB/s  41m15s[K[?25h[?2026l[?2026h[?25l[A[1Gpulling manifest [K
pulling 60e05f210007:   5% ▕                  ▏ 231 MB/4.7 GB  1.8 MB/s  41m15s[K[?25h[?2026l[?2026h[?25l[A[1Gpulling manifest [K
pulling 60e05f210007:   5% ▕                  ▏ 231 MB/4.7 GB  1.8 MB/s  41m15s[K[?25h[?2026l[?2026h[?25l[A[1Gpulling manifest [K
pulling 60e05f210007:   5% ▕                  ▏ 231 MB/4.7 GB  1.8 MB/s  41m15s[K[?25h[?2026l[?2026h[?25l[A[1Gpulling manifest [K
pulling 60e05f210007:   5% ▕                  ▏ 231 MB/4.7 GB  1.8 MB/s  41m15s[K[?25h[?2026l[?2026h[?25l[A[1Gpulling manifest [K
pulling 60e05f210007:   5% ▕                  ▏ 231 MB/4.7 GB  1.8 MB/s  41m20s[K[?25h[?2026l[?2026h[?25l[A[1Gpulling manifest [K
pulling 60e05f210007:   5% ▕                  ▏ 232 MB/4.7 GB  1.8 MB/s  41m20s[K[?25h[?2026l[?2026h[?25l[A[1Gpulling manifest [K
pulling 60e05f210007:   5% ▕                  ▏ 232 MB/4.7 GB  1.8 MB/s  41m20s[K[?25h[?2026l[?2026h[?25l[A[1Gpulling manifest [K
pulling 60e05f210007:   5% ▕                  ▏ 232 MB/4.7 GB  1.8 MB/s  41m20s[K[?25h[?2026l[?2026h[?25l[A[1Gpulling manifest [K
pulling 60e05f210007:   5% ▕                  ▏ 232 MB/4.7 GB  1.8 MB/s  41m20s[K[?25h[?2026l[?2026h[?25l[A[1Gpulling manifest [K
pulling 60e05f210007:   5% ▕                  ▏ 232 MB/4.7 GB  1.8 MB/s  41m20s[K[?25h[?2026l[?2026h[?25l[A[1Gpulling manifest [K
pulling 60e05f210007:   5% ▕                  ▏ 232 MB/4.7 GB  1.8 MB/s  41m20s[K[?25h[?2026l[?2026h[?25l[A[1Gpulling manifest [K
pulling 60e05f210007:   5% ▕                  ▏ 233 MB/4.7 GB  1.8 MB/s  41m19s[K[?25h[?2026l[?2026h[?25l[A[1Gpulling manifest [K
pulling 60e05f210007:   5% ▕                  ▏ 233 MB/4.7 GB  1.8 MB/s  41m19s[K[?25h[?2026l[?2026h[?25l[A[1Gpulling manifest [K
pulling 60e05f210007:   5% ▕                  ▏ 233 MB/4.7 GB  1.8 MB/s  41m19s[K[?25h[?2026l[?2026h[?25l[A[1Gpulling manifest [K
pulling 60e05f210007:   5% ▕                  ▏ 233 MB/4.7 GB  1.8 MB/s  41m29s[K[?25h[?2026l[?2026h[?25l[A[1Gpulling manifest [K
pulling 60e05f210007:   5% ▕                  ▏ 233 MB/4.7 GB  1.8 MB/s  41m29s[K[?25h[?2026l[?2026h[?25l[A[1Gpulling manifest [K
pulling 60e05f210007:   5% ▕                  ▏ 233 MB/4.7 GB  1.8 MB/s  41m28s[K[?25h[?2026l[?2026h[?25l[A[1Gpulling manifest [K
pulling 60e05f210007:   5% ▕                  ▏ 234 MB/4.7 GB  1.8 MB/s  41m28s[K[?25h[?2026l[?2026h[?25l[A[1Gpulling manifest [K
pulling 60e05f210007:   5% ▕                  ▏ 234 MB/4.7 GB  1.8 MB/s  41m28s[K[?25h[?2026l[?2026h[?25l[A[1Gpulling manifest [K
pulling 60e05f210007:   5% ▕                  ▏ 234 MB/4.7 GB  1.8 MB/s  41m28s[K[?25h[?2026l[?2026h[?25l[A[1Gpulling manifest [K
pulling 60e05f210007:   5% ▕                  ▏ 234 MB/4.7 GB  1.8 MB/s  41m28s[K[?25h[?2026l[?2026h[?25l[A[1Gpulling manifest [K
pulling 60e05f210007:   5% ▕                  ▏ 234 MB/4.7 GB  1.8 MB/s  41m28s[K[?25h[?2026l[?2026h[?25l[A[1Gpulling manifest [K
pulling 60e05f210007:   5% ▕                  ▏ 235 MB/4.7 GB  1.8 MB/s  41m28s[K[?25h[?2026l[?2026h[?25l[A[1Gpulling manifest [K
pulling 60e05f210007:   5% ▕                  ▏ 235 MB/4.7 GB  1.8 MB/s  41m28s[K[?25h[?2026l[?2026h[?25l[A[1Gpulling manifest [K
pulling 60e05f210007:   5% ▕                  ▏ 235 MB/4.7 GB  1.8 MB/s  41m40s[K[?25h[?2026l[?2026h[?25l[A[1Gpulling manifest [K
pulling 60e05f210007:   5% ▕                  ▏ 235 MB/4.7 GB  1.8 MB/s  41m40s[K[?25h[?2026l[?2026h[?25l[A[1Gpulling manifest [K
pulling 60e05f210007:   5% ▕                  ▏ 235 MB/4.7 GB  1.8 MB/s  41m39s[K[?25h[?2026l[?2026h[?25l[A[1Gpulling manifest [K
pulling 60e05f210007:   5% ▕                  ▏ 235 MB/4.7 GB  1.8 MB/s  41m39s[K[?25h[?2026l[?2026h[?25l[A[1Gpulling manifest [K
pulling 60e05f210007:   5% ▕                  ▏ 236 MB/4.7 GB  1.8 MB/s  41m39s[K[?25h[?2026l[?2026h[?25l[A[1Gpulling manifest [K
pulling 60e05f210007:   5% ▕                  ▏ 236 MB/4.7 GB  1.8 MB/s  41m39s[K[?25h[?2026l[?2026h[?25l[A[1Gpulling manifest [K
pulling 60e05f210007:   5% ▕                  ▏ 236 MB/4.7 GB  1.8 MB/s  41m39s[K[?25h[?2026l[?2026h[?25l[A[1Gpulling manifest [K
pulling 60e05f210007:   5% ▕                  ▏ 236 MB/4.7 GB  1.8 MB/s  41m39s[K[?25h[?2026l[?2026h[?25l[A[1Gpulling manifest [K
pulling 60e05f210007:   5% ▕                  ▏ 236 MB/4.7 GB  1.8 MB/s  41m39s[K[?25h[?2026l[?2026h[?25l[A[1Gpulling manifest [K
pulling 60e05f210007:   5% ▕                  ▏ 236 MB/4.7 GB  1.8 MB/s  41m39s[K[?25h[?2026l[?2026h[?25l[A[1Gpulling manifest [K
pulling 60e05f210007:   5% ▕                  ▏ 237 MB/4.7 GB  1.8 MB/s  41m16s[K[?25h[?2026l[?2026h[?25l[A[1Gpulling manifest [K
pulling 60e05f210007:   5% ▕                  ▏ 237 MB/4.7 GB  1.8 MB/s  41m16s[K[?25h[?2026l[?2026h[?25l[A[1Gpulling manifest [K
pulling 60e05f210007:   5% ▕                  ▏ 237 MB/4.7 GB  1.8 MB/s  41m16s[K[?25h[?2026l[?2026h[?25l[A[1Gpulling manifest [K
pulling 60e05f210007:   5% ▕                  ▏ 237 MB/4.7 GB  1.8 MB/s  41m16s[K[?25h[?2026l[?2026h[?25l[A[1Gpulling manifest [K
pulling 60e05f210007:   5% ▕                  ▏ 237 MB/4.7 GB  1.8 MB/s  41m15s[K[?25h[?2026l[?2026h[?25l[A[1Gpulling manifest [K
pulling 60e05f210007:   5% ▕                  ▏ 238 MB/4.7 GB  1.8 MB/s  41m15s[K[?25h[?2026l[?2026h[?25l[A[1Gpulling manifest [K
pulling 60e05f210007:   5% ▕                  ▏ 238 MB/4.7 GB  1.8 MB/s  41m15s[K[?25h[?2026l[?2026h[?25l[A[1Gpulling manifest [K
pulling 60e05f210007:   5% ▕                  ▏ 238 MB/4.7 GB  1.8 MB/s  41m15s[K[?25h[?2026l[?2026h[?25l[A[1Gpulling manifest [K
pulling 60e05f210007:   5% ▕                  ▏ 238 MB/4.7 GB  1.8 MB/s  41m15s[K[?25h[?2026l[?2026h[?25l[A[1Gpulling manifest [K
pulling 60e05f210007:   5% ▕                  ▏ 238 MB/4.7 GB  1.8 MB/s  41m15s[K[?25h[?2026l[?2026h[?25l[A[1Gpulling manifest [K
pulling 60e05f210007:   5% ▕                  ▏ 238 MB/4.7 GB  1.8 MB/s  41m17s[K[?25h[?2026l[?2026h[?25l[A[1Gpulling manifest [K
pulling 60e05f210007:   5% ▕                  ▏ 239 MB/4.7 GB  1.8 MB/s  41m17s[K[?25h[?2026l[?2026h[?25l[A[1Gpulling manifest [K
pulling 60e05f210007:   5% ▕                  ▏ 239 MB/4.7 GB  1.8 MB/s  41m17s[K[?25h[?2026l[?2026h[?25l[A[1Gpulling manifest [K
pulling 60e05f210007:   5% ▕                  ▏ 239 MB/4.7 GB  1.8 MB/s  41m17s[K[?25h[?2026l[?2026h[?25l[A[1Gpulling manifest [K
pulling 60e05f210007:   5% ▕                  ▏ 239 MB/4.7 GB  1.8 MB/s  41m17s[K[?25h[?2026l[?2026h[?25l[A[1Gpulling manifest [K
pulling 60e05f210007:   5% ▕                  ▏ 239 MB/4.7 GB  1.8 MB/s  41m17s[K[?25h[?2026l[?2026h[?25l[A[1Gpulling manifest [K
pulling 60e05f210007:   5% ▕                  ▏ 240 MB/4.7 GB  1.8 MB/s  41m17s[K[?25h[?2026l[?2026h[?25l[A[1Gpulling manifest [K
pulling 60e05f210007:   5% ▕                  ▏ 240 MB/4.7 GB  1.8 MB/s  41m17s[K[?25h[?2026l[?2026h[?25l[A[1Gpulling manifest [K
pulling 60e05f210007:   5% ▕                  ▏ 240 MB/4.7 GB  1.8 MB/s  41m17s[K[?25h[?2026l[?2026h[?25l[A[1Gpulling manifest [K
pulling 60e05f210007:   5% ▕                  ▏ 240 MB/4.7 GB  1.8 MB/s  41m17s[K[?25h[?2026l[?2026h[?25l[A[1Gpulling manifest [K
pulling 60e05f210007:   5% ▕                  ▏ 240 MB/4.7 GB  1.8 MB/s  41m16s[K[?25h[?2026l[?2026h[?25l[A[1Gpulling manifest [K
pulling 60e05f210007:   5% ▕                  ▏ 240 MB/4.7 GB  1.8 MB/s  41m28s[K[?25h[?2026l[?2026h[?25l[A[1Gpulling manifest [K
pulling 60e05f210007:   5% ▕                  ▏ 241 MB/4.7 GB  1.8 MB/s  41m28s[K[?25h[?2026l[?2026h[?25l[A[1Gpulling manifest [K
pulling 60e05f210007:   5% ▕                  ▏ 241 MB/4.7 GB  1.8 MB/s  41m28s[K[?25h[?2026l[?2026h[?25l[A[1Gpulling manifest [K
pulling 60e05f210007:   5% ▕                  ▏ 241 MB/4.7 GB  1.8 MB/s  41m27s[K[?25h[?2026l[?2026h[?25l[A[1Gpulling manifest [K
pulling 60e05f210007:   5% ▕                  ▏ 241 MB/4.7 GB  1.8 MB/s  41m27s[K[?25h[?2026l[?2026h[?25l[A[1Gpulling manifest [K
pulling 60e05f210007:   5% ▕                  ▏ 241 MB/4.7 GB  1.8 MB/s  41m27s[K[?25h[?2026l[?2026h[?25l[A[1Gpulling manifest [K
pulling 60e05f210007:   5% ▕                  ▏ 241 MB/4.7 GB  1.8 MB/s  41m27s[K[?25h[?2026l[?2026h[?25l[A[1Gpulling manifest [K
pulling 60e05f210007:   5% ▕                  ▏ 242 MB/4.7 GB  1.8 MB/s  41m27s[K[?25h[?2026l[?2026h[?25l[A[1Gpulling manifest [K
pulling 60e05f210007:   5% ▕                  ▏ 242 MB/4.7 GB  1.8 MB/s  41m27s[K[?25h[?2026l[?2026h[?25l[A[1Gpulling manifest [K
pulling 60e05f210007:   5% ▕                  ▏ 242 MB/4.7 GB  1.8 MB/s  41m27s[K[?25h[?2026l[?2026h[?25l[A[1Gpulling manifest [K
pulling 60e05f210007:   5% ▕                  ▏ 242 MB/4.7 GB  1.8 MB/s  41m19s[K[?25h[?2026l[?2026h[?25l[A[1Gpulling manifest [K
pulling 60e05f210007:   5% ▕                  ▏ 242 MB/4.7 GB  1.8 MB/s  41m19s[K[?25h[?2026l[?2026h[?25l[A[1Gpulling manifest [K
pulling 60e05f210007:   5% ▕                  ▏ 242 MB/4.7 GB  1.8 MB/s  41m19s[K[?25h[?2026l[?2026h[?25l[A[1Gpulling manifest [K
pulling 60e05f210007:   5% ▕                  ▏ 243 MB/4.7 GB  1.8 MB/s  41m19s[K[?25h[?2026l[?2026h[?25l[A[1Gpulling manifest [K
pulling 60e05f210007:   5% ▕                  ▏ 243 MB/4.7 GB  1.8 MB/s  41m19s[K[?25h[?2026l[?2026h[?25l[A[1Gpulling manifest [K
pulling 60e05f210007:   5% ▕                  ▏ 243 MB/4.7 GB  1.8 MB/s  41m19s[K[?25h[?2026l[?2026h[?25l[A[1Gpulling manifest [K
pulling 60e05f210007:   5% ▕                  ▏ 243 MB/4.7 GB  1.8 MB/s  41m18s[K[?25h[?2026l[?2026h[?25l[A[1Gpulling manifest [K
pulling 60e05f210007:   5% ▕                  ▏ 243 MB/4.7 GB  1.8 MB/s  41m18s[K[?25h[?2026l[?2026h[?25l[A[1Gpulling manifest [K
pulling 60e05f210007:   5% ▕                  ▏ 243 MB/4.7 GB  1.8 MB/s  41m18s[K[?25h[?2026l[?2026h[?25l[A[1Gpulling manifest [K
pulling 60e05f210007:   5% ▕                  ▏ 244 MB/4.7 GB  1.8 MB/s  41m18s[K[?25h[?2026l[?2026h[?25l[A[1Gpulling manifest [K
pulling 60e05f210007:   5% ▕                  ▏ 244 MB/4.7 GB  1.8 MB/s  41m11s[K[?25h[?2026l[?2026h[?25l[A[1Gpulling manifest [K
pulling 60e05f210007:   5% ▕                  ▏ 244 MB/4.7 GB  1.8 MB/s  41m11s[K[?25h[?2026l[?2026h[?25l[A[1Gpulling manifest [K
pulling 60e05f210007:   5% ▕                  ▏ 244 MB/4.7 GB  1.8 MB/s  41m11s[K[?25h[?2026l[?2026h[?25l[A[1Gpulling manifest [K
pulling 60e05f210007:   5% ▕                  ▏ 244 MB/4.7 GB  1.8 MB/s  41m11s[K[?25h[?2026l[?2026h[?25l[A[1Gpulling manifest [K
pulling 60e05f210007:   5% ▕                  ▏ 245 MB/4.7 GB  1.8 MB/s  41m11s[K[?25h[?2026l[?2026h[?25l[A[1Gpulling manifest [K
pulling 60e05f210007:   5% ▕                  ▏ 245 MB/4.7 GB  1.8 MB/s  41m11s[K[?25h[?2026l[?2026h[?25l[A[1Gpulling manifest [K
pulling 60e05f210007:   5% ▕                  ▏ 245 MB/4.7 GB  1.8 MB/s  41m11s[K[?25h[?2026l[?2026h[?25l[A[1Gpulling manifest [K
pulling 60e05f210007:   5% ▕                  ▏ 245 MB/4.7 GB  1.8 MB/s  41m10s[K[?25h[?2026l[?2026h[?25l[A[1Gpulling manifest [K
pulling 60e05f210007:   5% ▕                  ▏ 245 MB/4.7 GB  1.8 MB/s  41m10s[K[?25h[?2026l[?2026h[?25l[A[1Gpulling manifest [K
pulling 60e05f210007:   5% ▕                  ▏ 245 MB/4.7 GB  1.8 MB/s  41m10s[K[?25h[?2026l[?2026h[?25l[A[1Gpulling manifest [K
pulling 60e05f210007:   5% ▕                  ▏ 246 MB/4.7 GB  1.8 MB/s  41m28s[K[?25h[?2026l[?2026h[?25l[A[1Gpulling manifest [K
pulling 60e05f210007:   5% ▕                  ▏ 246 MB/4.7 GB  1.8 MB/s  41m28s[K[?25h[?2026l[?2026h[?25l[A[1Gpulling manifest [K
pulling 60e05f210007:   5% ▕                  ▏ 246 MB/4.7 GB  1.8 MB/s  41m28s[K[?25h[?2026l[?2026h[?25l[A[1Gpulling manifest [K
pulling 60e05f210007:   5% ▕                  ▏ 246 MB/4.7 GB  1.8 MB/s  41m28s[K[?25h[?2026l[?2026h[?25l[A[1Gpulling manifest [K
pulling 60e05f210007:   5% ▕                  ▏ 246 MB/4.7 GB  1.8 MB/s  41m27s[K[?25h[?2026l[?2026h[?25l[A[1Gpulling manifest [K
pulling 60e05f210007:   5% ▕                  ▏ 246 MB/4.7 GB  1.8 MB/s  41m27s[K[?25h[?2026l[?2026h[?25l[A[1Gpulling manifest [K
pulling 60e05f210007:   5% ▕                  ▏ 247 MB/4.7 GB  1.8 MB/s  41m27s[K[?25h[?2026l[?2026h[?25l[A[1Gpulling manifest [K
pulling 60e05f210007:   5% ▕                  ▏ 247 MB/4.7 GB  1.8 MB/s  41m27s[K[?25h[?2026l[?2026h[?25l[A[1Gpulling manifest [K
pulling 60e05f210007:   5% ▕                  ▏ 247 MB/4.7 GB  1.8 MB/s  41m27s[K[?25h[?2026l[?2026h[?25l[A[1Gpulling manifest [K
pulling 60e05f210007:   5% ▕                  ▏ 247 MB/4.7 GB  1.8 MB/s  41m27s[K[?25h[?2026l[?2026h[?25l[A[1Gpulling manifest [K
pulling 60e05f210007:   5% ▕                  ▏ 247 MB/4.7 GB  1.8 MB/s  41m22s[K[?25h[?2026l[?2026h[?25l[A[1Gpulling manifest [K
pulling 60e05f210007:   5% ▕                  ▏ 248 MB/4.7 GB  1.8 MB/s  41m22s[K[?25h[?2026l[?2026h[?25l[A[1Gpulling manifest [K
pulling 60e05f210007:   5% ▕                  ▏ 248 MB/4.7 GB  1.8 MB/s  41m22s[K[?25h[?2026l[?2026h[?25l[A[1Gpulling manifest [K
pulling 60e05f210007:   5% ▕                  ▏ 248 MB/4.7 GB  1.8 MB/s  41m21s[K[?25h[?2026l[?2026h[?25l[A[1Gpulling manifest [K
pulling 60e05f210007:   5% ▕                  ▏ 248 MB/4.7 GB  1.8 MB/s  41m21s[K[?25h[?2026l[?2026h[?25l[A[1Gpulling manifest [K
pulling 60e05f210007:   5% ▕                  ▏ 248 MB/4.7 GB  1.8 MB/s  41m21s[K[?25h[?2026l[?2026h[?25l[A[1Gpulling manifest [K
pulling 60e05f210007:   5% ▕                  ▏ 248 MB/4.7 GB  1.8 MB/s  41m21s[K[?25h[?2026l[?2026h[?25l[A[1Gpulling manifest [K
pulling 60e05f210007:   5% ▕                  ▏ 249 MB/4.7 GB  1.8 MB/s  41m21s[K[?25h[?2026l[?2026h[?25l[A[1Gpulling manifest [K
pulling 60e05f210007:   5% ▕                  ▏ 249 MB/4.7 GB  1.8 MB/s  41m21s[K[?25h[?2026l[?2026h[?25l[A[1Gpulling manifest [K
pulling 60e05f210007:   5% ▕                  ▏ 249 MB/4.7 GB  1.8 MB/s  41m21s[K[?25h[?2026l[?2026h[?25l[A[1Gpulling manifest [K
pulling 60e05f210007:   5% ▕                  ▏ 249 MB/4.7 GB  1.8 MB/s  41m21s[K[?25h[?2026l[?2026h[?25l[A[1Gpulling manifest [K
pulling 60e05f210007:   5% ▕                  ▏ 249 MB/4.7 GB  1.8 MB/s  41m23s[K[?25h[?2026l[?2026h[?25l[A[1Gpulling manifest [K
pulling 60e05f210007:   5% ▕                  ▏ 249 MB/4.7 GB  1.8 MB/s  41m23s[K[?25h[?2026l[?2026h[?25l[A[1Gpulling manifest [K
pulling 60e05f210007:   5% ▕                  ▏ 250 MB/4.7 GB  1.8 MB/s  41m23s[K[?25h[?2026l[?2026h[?25l[A[1Gpulling manifest [K
pulling 60e05f210007:   5% ▕                  ▏ 250 MB/4.7 GB  1.8 MB/s  41m23s[K[?25h[?2026l[?2026h[?25l[A[1Gpulling manifest [K
pulling 60e05f210007:   5% ▕                  ▏ 250 MB/4.7 GB  1.8 MB/s  41m23s[K[?25h[?2026l[?2026h[?25l[A[1Gpulling manifest [K
pulling 60e05f210007:   5% ▕                  ▏ 250 MB/4.7 GB  1.8 MB/s  41m23s[K[?25h[?2026l[?2026h[?25l[A[1Gpulling manifest [K
pulling 60e05f210007:   5% ▕                  ▏ 250 MB/4.7 GB  1.8 MB/s  41m23s[K[?25h[?2026l[?2026h[?25l[A[1Gpulling manifest [K
pulling 60e05f210007:   5% ▕                  ▏ 251 MB/4.7 GB  1.8 MB/s  41m23s[K[?25h[?2026l[?2026h[?25l[A[1Gpulling manifest [K
pulling 60e05f210007:   5% ▕                  ▏ 251 MB/4.7 GB  1.8 MB/s  41m22s[K[?25h[?2026l[?2026h[?25l[A[1Gpulling manifest [K
pulling 60e05f210007:   5% ▕                  ▏ 251 MB/4.7 GB  1.8 MB/s  41m22s[K[?25h[?2026l[?2026h[?25l[A[1Gpulling manifest [K
pulling 60e05f210007:   5% ▕                  ▏ 251 MB/4.7 GB  1.8 MB/s  41m22s[K[?25h[?2026l[?2026h[?25l[A[1Gpulling manifest [K
pulling 60e05f210007:   5% ▕                  ▏ 251 MB/4.7 GB  1.8 MB/s  41m22s[K[?25h[?2026l[?2026h[?25l[A[1Gpulling manifest [K
pulling 60e05f210007:   5% ▕                  ▏ 251 MB/4.7 GB  1.8 MB/s  41m22s[K[?25h[?2026l[?2026h[?25l[A[1Gpulling manifest [K
pulling 60e05f210007:   5% ▕                  ▏ 251 MB/4.7 GB  1.8 MB/s  41m22s[K[?25h[?2026l[?2026h[?25l[A[1Gpulling manifest [K
pulling 60e05f210007:   5% ▕                  ▏ 252 MB/4.7 GB  1.8 MB/s  41m22s[K[?25h[?2026l[?2026h[?25l[A[1Gpulling manifest [K
pulling 60e05f210007:   5% ▕                  ▏ 252 MB/4.7 GB  1.8 MB/s  41m22s[K[?25h[?2026l[?2026h[?25l[A[1Gpulling manifest [K
pulling 60e05f210007:   5% ▕                  ▏ 252 MB/4.7 GB  1.8 MB/s  41m22s[K[?25h[?2026l[?2026h[?25l[A[1Gpulling manifest [K
pulling 60e05f210007:   5% ▕                  ▏ 252 MB/4.7 GB  1.8 MB/s  41m22s[K[?25h[?2026l[?2026h[?25l[A[1Gpulling manifest [K
pulling 60e05f210007:   5% ▕                  ▏ 252 MB/4.7 GB  1.8 MB/s  41m22s[K[?25h[?2026l[?2026h[?25l[A[1Gpulling manifest [K
pulling 60e05f210007:   5% ▕                  ▏ 252 MB/4.7 GB  1.8 MB/s  41m22s[K[?25h[?2026l[?2026h[?25l[A[1Gpulling manifest [K
pulling 60e05f210007:   5% ▕                  ▏ 252 MB/4.7 GB  1.8 MB/s   42m8s[K[?25h[?2026l[?2026h[?25l[A[1Gpulling manifest [K
pulling 60e05f210007:   5% ▕                  ▏ 253 MB/4.7 GB  1.8 MB/s   42m8s[K[?25h[?2026l[?2026h[?25l[A[1Gpulling manifest [K
pulling 60e05f210007:   5% ▕                  ▏ 253 MB/4.7 GB  1.8 MB/s   42m8s[K[?25h[?2026l[?2026h[?25l[A[1Gpulling manifest [K
pulling 60e05f210007:   5% ▕                  ▏ 253 MB/4.7 GB  1.8 MB/s   42m8s[K[?25h[?2026l[?2026h[?25l[A[1Gpulling manifest [K
pulling 60e05f210007:   5% ▕                  ▏ 253 MB/4.7 GB  1.8 MB/s   42m8s[K[?25h[?2026l[?2026h[?25l[A[1Gpulling manifest [K
pulling 60e05f210007:   5% ▕                  ▏ 253 MB/4.7 GB  1.8 MB/s   42m7s[K[?25h[?2026l[?2026h[?25l[A[1Gpulling manifest [K
pulling 60e05f210007:   5% ▕                  ▏ 253 MB/4.7 GB  1.8 MB/s   42m7s[K[?25h[?2026l[?2026h[?25l[A[1Gpulling manifest [K
pulling 60e05f210007:   5% ▕                  ▏ 254 MB/4.7 GB  1.8 MB/s   42m7s[K[?25h[?2026l[?2026h[?25l[A[1Gpulling manifest [K
pulling 60e05f210007:   5% ▕                  ▏ 254 MB/4.7 GB  1.8 MB/s   42m7s[K[?25h[?2026l[?2026h[?25l[A[1Gpulling manifest [K
pulling 60e05f210007:   5% ▕                  ▏ 254 MB/4.7 GB  1.8 MB/s   42m7s[K[?25h[?2026l[?2026h[?25l[A[1Gpulling manifest [K
pulling 60e05f210007:   5% ▕                  ▏ 254 MB/4.7 GB  1.7 MB/s  42m44s[K[?25h[?2026l[?2026h[?25l[A[1Gpulling manifest [K
pulling 60e05f210007:   5% ▕                  ▏ 254 MB/4.7 GB  1.7 MB/s  42m44s[K[?25h[?2026l[?2026h[?25l[A[1Gpulling manifest [K
pulling 60e05f210007:   5% ▕                  ▏ 254 MB/4.7 GB  1.7 MB/s  42m44s[K[?25h[?2026l[?2026h[?25l[A[1Gpulling manifest [K
pulling 60e05f210007:   5% ▕                  ▏ 255 MB/4.7 GB  1.7 MB/s  42m44s[K[?25h[?2026l[?2026h[?25l[A[1Gpulling manifest [K
pulling 60e05f210007:   5% ▕                  ▏ 255 MB/4.7 GB  1.7 MB/s  42m44s[K[?25h[?2026l[?2026h[?25l[A[1Gpulling manifest [K
pulling 60e05f210007:   5% ▕                  ▏ 255 MB/4.7 GB  1.7 MB/s  42m44s[K[?25h[?2026l[?2026h[?25l[A[1Gpulling manifest [K
pulling 60e05f210007:   5% ▕                  ▏ 255 MB/4.7 GB  1.7 MB/s  42m44s[K[?25h[?2026l[?2026h[?25l[A[1Gpulling manifest [K
pulling 60e05f210007:   5% ▕                  ▏ 255 MB/4.7 GB  1.7 MB/s  42m44s[K[?25h[?2026l[?2026h[?25l[A[1Gpulling manifest [K
pulling 60e05f210007:   5% ▕                  ▏ 255 MB/4.7 GB  1.7 MB/s  42m44s[K[?25h[?2026l[?2026h[?25l[A[1Gpulling manifest [K
pulling 60e05f210007:   5% ▕                  ▏ 255 MB/4.7 GB  1.7 MB/s  42m43s[K[?25h[?2026l[?2026h[?25l[A[1Gpulling manifest [K
pulling 60e05f210007:   5% ▕                  ▏ 256 MB/4.7 GB  1.7 MB/s  43m11s[K[?25h[?2026l[?2026h[?25l[A[1Gpulling manifest [K
pulling 60e05f210007:   5% ▕                  ▏ 256 MB/4.7 GB  1.7 MB/s  43m11s[K[?25h[?2026l[?2026h[?25l[A[1Gpulling manifest [K
pulling 60e05f210007:   5% ▕                  ▏ 256 MB/4.7 GB  1.7 MB/s  43m11s[K[?25h[?2026l[?2026h[?25l[A[1Gpulling manifest [K
pulling 60e05f210007:   5% ▕                  ▏ 256 MB/4.7 GB  1.7 MB/s  43m11s[K[?25h[?2026l[?2026h[?25l[A[1Gpulling manifest [K
pulling 60e05f210007:   5% ▕                  ▏ 256 MB/4.7 GB  1.7 MB/s  43m11s[K[?25h[?2026l[?2026h[?25l[A[1Gpulling manifest [K
pulling 60e05f210007:   5% ▕                  ▏ 256 MB/4.7 GB  1.7 MB/s  43m11s[K[?25h[?2026l[?2026h[?25l[A[1Gpulling manifest [K
pulling 60e05f210007:   5% ▕                  ▏ 257 MB/4.7 GB  1.7 MB/s  43m11s[K[?25h[?2026l[?2026h[?25l[A[1Gpulling manifest [K
pulling 60e05f210007:   5% ▕                  ▏ 257 MB/4.7 GB  1.7 MB/s  43m11s[K[?25h[?2026l[?2026h[?25l[A[1Gpulling manifest [K
pulling 60e05f210007:   5% ▕                  ▏ 257 MB/4.7 GB  1.7 MB/s  43m11s[K[?25h[?2026l[?2026h[?25l[A[1Gpulling manifest [K
pulling 60e05f210007:   5% ▕                  ▏ 257 MB/4.7 GB  1.7 MB/s  43m11s[K[?25h[?2026l[?2026h[?25l[A[1Gpulling manifest [K
pulling 60e05f210007:   6% ▕                  ▏ 257 MB/4.7 GB  1.7 MB/s  43m10s[K[?25h[?2026l[?2026h[?25l[A[1Gpulling manifest [K
pulling 60e05f210007:   6% ▕                  ▏ 257 MB/4.7 GB  1.7 MB/s  43m57s[K[?25h[?2026l[?2026h[?25l[A[1Gpulling manifest [K
pulling 60e05f210007:   6% ▕                  ▏ 258 MB/4.7 GB  1.7 MB/s  43m57s[K[?25h[?2026l[?2026h[?25l[A[1Gpulling manifest [K
pulling 60e05f210007:   6% ▕                  ▏ 258 MB/4.7 GB  1.7 MB/s  43m57s[K[?25h[?2026l[?2026h[?25l[A[1Gpulling manifest [K
pulling 60e05f210007:   6% ▕                  ▏ 258 MB/4.7 GB  1.7 MB/s  43m57s[K[?25h[?2026l[?2026h[?25l[A[1Gpulling manifest [K
pulling 60e05f210007:   6% ▕                  ▏ 258 MB/4.7 GB  1.7 MB/s  43m57s[K[?25h[?2026l[?2026h[?25l[A[1Gpulling manifest [K
pulling 60e05f210007:   6% ▕                  ▏ 258 MB/4.7 GB  1.7 MB/s  43m57s[K[?25h[?2026l[?2026h[?25l[A[1Gpulling manifest [K
pulling 60e05f210007:   6% ▕                  ▏ 258 MB/4.7 GB  1.7 MB/s  43m57s[K[?25h[?2026l[?2026h[?25l[A[1Gpulling manifest [K
pulling 60e05f210007:   6% ▕                  ▏ 258 MB/4.7 GB  1.7 MB/s  43m57s[K[?25h[?2026l[?2026h[?25l[A[1Gpulling manifest [K
pulling 60e05f210007:   6% ▕                  ▏ 259 MB/4.7 GB  1.7 MB/s  43m57s[K[?25h[?2026l[?2026h[?25l[A[1Gpulling manifest [K
pulling 60e05f210007:   6% ▕                  ▏ 259 MB/4.7 GB  1.7 MB/s  43m56s[K[?25h[?2026l[?2026h[?25l[A[1Gpulling manifest [K
pulling 60e05f210007:   6% ▕                  ▏ 259 MB/4.7 GB  1.7 MB/s   44m6s[K[?25h[?2026l[?2026h[?25l[A[1Gpulling manifest [K
pulling 60e05f210007:   6% ▕                  ▏ 259 MB/4.7 GB  1.7 MB/s   44m6s[K[?25h[?2026l[?2026h[?25l[A[1Gpulling manifest [K
pulling 60e05f210007:   6% ▕                  ▏ 259 MB/4.7 GB  1.7 MB/s   44m5s[K[?25h[?2026l[?2026h[?25l[A[1Gpulling manifest [K
pulling 60e05f210007:   6% ▕                  ▏ 259 MB/4.7 GB  1.7 MB/s   44m5s[K[?25h[?2026l[?2026h[?25l[A[1Gpulling manifest [K
pulling 60e05f210007:   6% ▕                  ▏ 260 MB/4.7 GB  1.7 MB/s   44m5s[K[?25h[?2026l[?2026h[?25l[A[1Gpulling manifest [K
pulling 60e05f210007:   6% ▕                  ▏ 260 MB/4.7 GB  1.7 MB/s   44m5s[K[?25h[?2026l[?2026h[?25l[A[1Gpulling manifest [K
pulling 60e05f210007:   6% ▕█                 ▏ 260 MB/4.7 GB  1.7 MB/s   44m5s[K[?25h[?2026l[?2026h[?25l[A[1Gpulling manifest [K
pulling 60e05f210007:   6% ▕█                 ▏ 260 MB/4.7 GB  1.7 MB/s   44m5s[K[?25h[?2026l[?2026h[?25l[A[1Gpulling manifest [K
pulling 60e05f210007:   6% ▕█                 ▏ 260 MB/4.7 GB  1.7 MB/s   44m5s[K[?25h[?2026l[?2026h[?25l[A[1Gpulling manifest [K
pulling 60e05f210007:   6% ▕█                 ▏ 260 MB/4.7 GB  1.7 MB/s   44m5s[K[?25h[?2026l[?2026h[?25l[A[1Gpulling manifest [K
pulling 60e05f210007:   6% ▕█                 ▏ 260 MB/4.7 GB  1.6 MB/s  44m43s[K[?25h[?2026l[?2026h[?25l[A[1Gpulling manifest [K
pulling 60e05f210007:   6% ▕█                 ▏ 261 MB/4.7 GB  1.6 MB/s  44m43s[K[?25h[?2026l[?2026h[?25l[A[1Gpulling manifest [K
pulling 60e05f210007:   6% ▕█                 ▏ 261 MB/4.7 GB  1.6 MB/s  44m43s[K[?25h[?2026l[?2026h[?25l[A[1Gpulling manifest [K
pulling 60e05f210007:   6% ▕█                 ▏ 261 MB/4.7 GB  1.6 MB/s  44m42s[K[?25h[?2026l[?2026h[?25l[A[1Gpulling manifest [K
pulling 60e05f210007:   6% ▕█                 ▏ 261 MB/4.7 GB  1.6 MB/s  44m42s[K[?25h[?2026l[?2026h[?25l[A[1Gpulling manifest [K
pulling 60e05f210007:   6% ▕█                 ▏ 261 MB/4.7 GB  1.6 MB/s  44m42s[K[?25h[?2026l[?2026h[?25l[A[1Gpulling manifest [K
pulling 60e05f210007:   6% ▕█                 ▏ 261 MB/4.7 GB  1.6 MB/s  44m42s[K[?25h[?2026l[?2026h[?25l[A[1Gpulling manifest [K
pulling 60e05f210007:   6% ▕█                 ▏ 262 MB/4.7 GB  1.6 MB/s  44m42s[K[?25h[?2026l[?2026h[?25l[A[1Gpulling manifest [K
pulling 60e05f210007:   6% ▕█                 ▏ 262 MB/4.7 GB  1.6 MB/s  44m42s[K[?25h[?2026l[?2026h[?25l[A[1Gpulling manifest [K
pulling 60e05f210007:   6% ▕█                 ▏ 262 MB/4.7 GB  1.6 MB/s  44m42s[K[?25h[?2026l[?2026h[?25l[A[1Gpulling manifest [K
pulling 60e05f210007:   6% ▕█                 ▏ 262 MB/4.7 GB  1.6 MB/s  45m12s[K[?25h[?2026l[?2026h[?25l[A[1Gpulling manifest [K
pulling 60e05f210007:   6% ▕█                 ▏ 262 MB/4.7 GB  1.6 MB/s  45m12s[K[?25h[?2026l[?2026h[?25l[A[1Gpulling manifest [K
pulling 60e05f210007:   6% ▕█                 ▏ 262 MB/4.7 GB  1.6 MB/s  45m12s[K[?25h[?2026l[?2026h[?25l[A[1Gpulling manifest [K
pulling 60e05f210007:   6% ▕█                 ▏ 263 MB/4.7 GB  1.6 MB/s  45m11s[K[?25h[?2026l[?2026h[?25l[A[1Gpulling manifest [K
pulling 60e05f210007:   6% ▕█                 ▏ 263 MB/4.7 GB  1.6 MB/s  45m11s[K[?25h[?2026l[?2026h[?25l[A[1Gpulling manifest [K
pulling 60e05f210007:   6% ▕█                 ▏ 263 MB/4.7 GB  1.6 MB/s  45m11s[K[?25h[?2026l[?2026h[?25l[A[1Gpulling manifest [K
pulling 60e05f210007:   6% ▕█                 ▏ 263 MB/4.7 GB  1.6 MB/s  45m11s[K[?25h[?2026l[?2026h[?25l[A[1Gpulling manifest [K
pulling 60e05f210007:   6% ▕█                 ▏ 263 MB/4.7 GB  1.6 MB/s  45m11s[K[?25h[?2026l[?2026h[?25l[A[1Gpulling manifest [K
pulling 60e05f210007:   6% ▕█                 ▏ 263 MB/4.7 GB  1.6 MB/s  45m11s[K[?25h[?2026l[?2026h[?25l[A[1Gpulling manifest [K
pulling 60e05f210007:   6% ▕█                 ▏ 263 MB/4.7 GB  1.6 MB/s  45m11s[K[?25h[?2026l[?2026h[?25l[A[1Gpulling manifest [K
pulling 60e05f210007:   6% ▕█                 ▏ 264 MB/4.7 GB  1.6 MB/s  45m29s[K[?25h[?2026l[?2026h[?25l[A[1Gpulling manifest [K
pulling 60e05f210007:   6% ▕█                 ▏ 264 MB/4.7 GB  1.6 MB/s  45m29s[K[?25h[?2026l[?2026h[?25l[A[1Gpulling manifest [K
pulling 60e05f210007:   6% ▕█                 ▏ 264 MB/4.7 GB  1.6 MB/s  45m29s[K[?25h[?2026l[?2026h[?25l[A[1Gpulling manifest [K
pulling 60e05f210007:   6% ▕█                 ▏ 264 MB/4.7 GB  1.6 MB/s  45m29s[K[?25h[?2026l[?2026h[?25l[A[1Gpulling manifest [K
pulling 60e05f210007:   6% ▕█                 ▏ 264 MB/4.7 GB  1.6 MB/s  45m29s[K[?25h[?2026l[?2026h[?25l[A[1Gpulling manifest [K
pulling 60e05f210007:   6% ▕█                 ▏ 264 MB/4.7 GB  1.6 MB/s  45m29s[K[?25h[?2026l[?2026h[?25l[A[1Gpulling manifest [K
pulling 60e05f210007:   6% ▕█                 ▏ 265 MB/4.7 GB  1.6 MB/s  45m28s[K[?25h[?2026l[?2026h[?25l[A[1Gpulling manifest [K
pulling 60e05f210007:   6% ▕█                 ▏ 265 MB/4.7 GB  1.6 MB/s  45m28s[K[?25h[?2026l[?2026h[?25l[A[1Gpulling manifest [K
pulling 60e05f210007:   6% ▕█                 ▏ 265 MB/4.7 GB  1.6 MB/s  45m28s[K[?25h[?2026l[?2026h[?25l[A[1Gpulling manifest [K
pulling 60e05f210007:   6% ▕█                 ▏ 265 MB/4.7 GB  1.6 MB/s  45m28s[K[?25h[?2026l[?2026h[?25l[A[1Gpulling manifest [K
pulling 60e05f210007:   6% ▕█                 ▏ 265 MB/4.7 GB  1.6 MB/s  45m28s[K[?25h[?2026l[?2026h[?25l[A[1Gpulling manifest [K
pulling 60e05f210007:   6% ▕█                 ▏ 265 MB/4.7 GB  1.6 MB/s  46m13s[K[?25h[?2026l[?2026h[?25l[A[1Gpulling manifest [K
pulling 60e05f210007:   6% ▕█                 ▏ 265 MB/4.7 GB  1.6 MB/s  46m13s[K[?25h[?2026l[?2026h[?25l[A[1Gpulling manifest [K
pulling 60e05f210007:   6% ▕█                 ▏ 266 MB/4.7 GB  1.6 MB/s  46m13s[K[?25h[?2026l[?2026h[?25l[A[1Gpulling manifest [K
pulling 60e05f210007:   6% ▕█                 ▏ 266 MB/4.7 GB  1.6 MB/s  46m13s[K[?25h[?2026l[?2026h[?25l[A[1Gpulling manifest [K
pulling 60e05f210007:   6% ▕█                 ▏ 266 MB/4.7 GB  1.6 MB/s  46m13s[K[?25h[?2026l[?2026h[?25l[A[1Gpulling manifest [K
pulling 60e05f210007:   6% ▕█                 ▏ 266 MB/4.7 GB  1.6 MB/s  46m13s[K[?25h[?2026l[?2026h[?25l[A[1Gpulling manifest [K
pulling 60e05f210007:   6% ▕█                 ▏ 266 MB/4.7 GB  1.6 MB/s  46m13s[K[?25h[?2026l[?2026h[?25l[A[1Gpulling manifest [K
pulling 60e05f210007:   6% ▕█                 ▏ 266 MB/4.7 GB  1.6 MB/s  46m12s[K[?25h[?2026l[?2026h[?25l[A[1Gpulling manifest [K
pulling 60e05f210007:   6% ▕█                 ▏ 267 MB/4.7 GB  1.6 MB/s  46m12s[K[?25h[?2026l[?2026h[?25l[A[1Gpulling manifest [K
pulling 60e05f210007:   6% ▕█                 ▏ 267 MB/4.7 GB  1.6 MB/s  46m12s[K[?25h[?2026l[?2026h[?25l[A[1Gpulling manifest [K
pulling 60e05f210007:   6% ▕█                 ▏ 267 MB/4.7 GB  1.6 MB/s  46m12s[K[?25h[?2026l[?2026h[?25l[A[1Gpulling manifest [K
pulling 60e05f210007:   6% ▕█                 ▏ 267 MB/4.7 GB  1.6 MB/s  46m12s[K[?25h[?2026l[?2026h[?25l[A[1Gpulling manifest [K
pulling 60e05f210007:   6% ▕█                 ▏ 267 MB/4.7 GB  1.6 MB/s  46m12s[K[?25h[?2026l[?2026h[?25l[A[1Gpulling manifest [K
pulling 60e05f210007:   6% ▕█                 ▏ 267 MB/4.7 GB  1.6 MB/s  46m12s[K[?25h[?2026l[?2026h[?25l[A[1Gpulling manifest [K
pulling 60e05f210007:   6% ▕█                 ▏ 267 MB/4.7 GB  1.6 MB/s  46m12s[K[?25h[?2026l[?2026h[?25l[A[1Gpulling manifest [K
pulling 60e05f210007:   6% ▕█                 ▏ 268 MB/4.7 GB  1.6 MB/s  46m12s[K[?25h[?2026l[?2026h[?25l[A[1Gpulling manifest [K
pulling 60e05f210007:   6% ▕█                 ▏ 268 MB/4.7 GB  1.6 MB/s  46m12s[K[?25h[?2026l[?2026h[?25l[A[1Gpulling manifest [K
pulling 60e05f210007:   6% ▕█                 ▏ 268 MB/4.7 GB  1.6 MB/s  46m12s[K[?25h[?2026l[?2026h[?25l[A[1Gpulling manifest [K
pulling 60e05f210007:   6% ▕█                 ▏ 268 MB/4.7 GB  1.6 MB/s  46m11s[K[?25h[?2026l[?2026h[?25l[A[1Gpulling manifest [K
pulling 60e05f210007:   6% ▕█                 ▏ 268 MB/4.7 GB  1.6 MB/s  46m11s[K[?25h[?2026l[?2026h[?25l[A[1Gpulling manifest [K
pulling 60e05f210007:   6% ▕█                 ▏ 268 MB/4.7 GB  1.6 MB/s  45m56s[K[?25h[?2026l[?2026h[?25l[A[1Gpulling manifest [K
pulling 60e05f210007:   6% ▕█                 ▏ 269 MB/4.7 GB  1.6 MB/s  45m55s[K[?25h[?2026l[?2026h[?25l[A[1Gpulling manifest [K
pulling 60e05f210007:   6% ▕█                 ▏ 269 MB/4.7 GB  1.6 MB/s  45m55s[K[?25h[?2026l[?2026h[?25l[A[1Gpulling manifest [K
pulling 60e05f210007:   6% ▕█                 ▏ 269 MB/4.7 GB  1.6 MB/s  45m55s[K[?25h[?2026l[?2026h[?25l[A[1Gpulling manifest [K
pulling 60e05f210007:   6% ▕█                 ▏ 269 MB/4.7 GB  1.6 MB/s  45m55s[K[?25h[?2026l[?2026h[?25l[A[1Gpulling manifest [K
pulling 60e05f210007:   6% ▕█                 ▏ 269 MB/4.7 GB  1.6 MB/s  45m55s[K[?25h[?2026l[?2026h[?25l[A[1Gpulling manifest [K
pulling 60e05f210007:   6% ▕█                 ▏ 269 MB/4.7 GB  1.6 MB/s  45m55s[K[?25h[?2026l[?2026h[?25l[A[1Gpulling manifest [K
pulling 60e05f210007:   6% ▕█                 ▏ 270 MB/4.7 GB  1.6 MB/s  45m55s[K[?25h[?2026l[?2026h[?25l[A[1Gpulling manifest [K
pulling 60e05f210007:   6% ▕█                 ▏ 270 MB/4.7 GB  1.6 MB/s  45m55s[K[?25h[?2026l[?2026h[?25l[A[1Gpulling manifest [K
pulling 60e05f210007:   6% ▕█                 ▏ 270 MB/4.7 GB  1.6 MB/s  45m55s[K[?25h[?2026l[?2026h[?25l[A[1Gpulling manifest [K
pulling 60e05f210007:   6% ▕█                 ▏ 270 MB/4.7 GB  1.6 MB/s   46m5s[K[?25h[?2026l[?2026h[?25l[A[1Gpulling manifest [K
pulling 60e05f210007:   6% ▕█                 ▏ 270 MB/4.7 GB  1.6 MB/s   46m5s[K[?25h[?2026l[?2026h[?25l[A[1Gpulling manifest [K
pulling 60e05f210007:   6% ▕█                 ▏ 270 MB/4.7 GB  1.6 MB/s   46m5s[K[?25h[?2026l[?2026h[?25l[A[1Gpulling manifest [K
pulling 60e05f210007:   6% ▕█                 ▏ 270 MB/4.7 GB  1.6 MB/s   46m5s[K[?25h[?2026l[?2026h[?25l[A[1Gpulling manifest [K
pulling 60e05f210007:   6% ▕█                 ▏ 271 MB/4.7 GB  1.6 MB/s   46m4s[K[?25h[?2026l[?2026h[?25l[A[1Gpulling manifest [K
pulling 60e05f210007:   6% ▕█                 ▏ 271 MB/4.7 GB  1.6 MB/s   46m4s[K[?25h[?2026l[?2026h[?25l[A[1Gpulling manifest [K
pulling 60e05f210007:   6% ▕█                 ▏ 271 MB/4.7 GB  1.6 MB/s   46m4s[K[?25h[?2026l[?2026h[?25l[A[1Gpulling manifest [K
pulling 60e05f210007:   6% ▕█                 ▏ 271 MB/4.7 GB  1.6 MB/s   46m4s[K[?25h[?2026l[?2026h[?25l[A[1Gpulling manifest [K
pulling 60e05f210007:   6% ▕█                 ▏ 271 MB/4.7 GB  1.6 MB/s   46m4s[K[?25h[?2026l[?2026h[?25l[A[1Gpulling manifest [K
pulling 60e05f210007:   6% ▕█                 ▏ 271 MB/4.7 GB  1.6 MB/s   46m4s[K[?25h[?2026l[?2026h[?25l[A[1Gpulling manifest [K
pulling 60e05f210007:   6% ▕█                 ▏ 272 MB/4.7 GB  1.6 MB/s  45m55s[K[?25h[?2026l[?2026h[?25l[A[1Gpulling manifest [K
pulling 60e05f210007:   6% ▕█                 ▏ 272 MB/4.7 GB  1.6 MB/s  45m55s[K[?25h[?2026l[?2026h[?25l[A[1Gpulling manifest [K
pulling 60e05f210007:   6% ▕█                 ▏ 272 MB/4.7 GB  1.6 MB/s  45m55s[K[?25h[?2026l[?2026h[?25l[A[1Gpulling manifest [K
pulling 60e05f210007:   6% ▕█                 ▏ 272 MB/4.7 GB  1.6 MB/s  45m55s[K[?25h[?2026l[?2026h[?25l[A[1Gpulling manifest [K
pulling 60e05f210007:   6% ▕█                 ▏ 272 MB/4.7 GB  1.6 MB/s  45m55s[K[?25h[?2026l[?2026h[?25l[A[1Gpulling manifest [K
pulling 60e05f210007:   6% ▕█                 ▏ 272 MB/4.7 GB  1.6 MB/s  45m55s[K[?25h[?2026l[?2026h[?25l[A[1Gpulling manifest [K
pulling 60e05f210007:   6% ▕█                 ▏ 273 MB/4.7 GB  1.6 MB/s  45m55s[K[?25h[?2026l[?2026h[?25l[A[1Gpulling manifest [K
pulling 60e05f210007:   6% ▕█                 ▏ 273 MB/4.7 GB  1.6 MB/s  45m55s[K[?25h[?2026l[?2026h[?25l[A[1Gpulling manifest [K
pulling 60e05f210007:   6% ▕█                 ▏ 273 MB/4.7 GB  1.6 MB/s  45m54s[K[?25h[?2026l[?2026h[?25l[A[1Gpulling manifest [K
pulling 60e05f210007:   6% ▕█                 ▏ 273 MB/4.7 GB  1.6 MB/s  45m54s[K[?25h[?2026l[?2026h[?25l[A[1Gpulling manifest [K
pulling 60e05f210007:   6% ▕█                 ▏ 273 MB/4.7 GB  1.6 MB/s  45m54s[K[?25h[?2026l[?2026h[?25l[A[1Gpulling manifest [K
pulling 60e05f210007:   6% ▕█                 ▏ 273 MB/4.7 GB  1.6 MB/s  45m57s[K[?25h[?2026l[?2026h[?25l[A[1Gpulling manifest [K
pulling 60e05f210007:   6% ▕█                 ▏ 274 MB/4.7 GB  1.6 MB/s  45m57s[K[?25h[?2026l[?2026h[?25l[A[1Gpulling manifest [K
pulling 60e05f210007:   6% ▕█                 ▏ 274 MB/4.7 GB  1.6 MB/s  45m57s[K[?25h[?2026l[?2026h[?25l[A[1Gpulling manifest [K
pulling 60e05f210007:   6% ▕█                 ▏ 274 MB/4.7 GB  1.6 MB/s  45m57s[K[?25h[?2026l[?2026h[?25l[A[1Gpulling manifest [K
pulling 60e05f210007:   6% ▕█                 ▏ 274 MB/4.7 GB  1.6 MB/s  45m57s[K[?25h[?2026l[?2026h[?25l[A[1Gpulling manifest [K
pulling 60e05f210007:   6% ▕█                 ▏ 274 MB/4.7 GB  1.6 MB/s  45m57s[K[?25h[?2026l[?2026h[?25l[A[1Gpulling manifest [K
pulling 60e05f210007:   6% ▕█                 ▏ 274 MB/4.7 GB  1.6 MB/s  45m57s[K[?25h[?2026l[?2026h[?25l[A[1Gpulling manifest [K
pulling 60e05f210007:   6% ▕█                 ▏ 274 MB/4.7 GB  1.6 MB/s  45m57s[K[?25h[?2026l[?2026h[?25l[A[1Gpulling manifest [K
pulling 60e05f210007:   6% ▕█                 ▏ 275 MB/4.7 GB  1.6 MB/s  45m57s[K[?25h[?2026l[?2026h[?25l[A[1Gpulling manifest [K
pulling 60e05f210007:   6% ▕█                 ▏ 275 MB/4.7 GB  1.6 MB/s  45m56s[K[?25h[?2026l[?2026h[?25l[A[1Gpulling manifest [K
pulling 60e05f210007:   6% ▕█                 ▏ 275 MB/4.7 GB  1.6 MB/s  45m56s[K[?25h[?2026l[?2026h[?25l[A[1Gpulling manifest [K
pulling 60e05f210007:   6% ▕█                 ▏ 275 MB/4.7 GB  1.6 MB/s  45m56s[K[?25h[?2026l[?2026h[?25l[A[1Gpulling manifest [K
pulling 60e05f210007:   6% ▕█                 ▏ 275 MB/4.7 GB  1.6 MB/s  45m56s[K[?25h[?2026l[?2026h[?25l[A[1Gpulling manifest [K
pulling 60e05f210007:   6% ▕█                 ▏ 275 MB/4.7 GB  1.6 MB/s  45m56s[K[?25h[?2026l[?2026h[?25l[A[1Gpulling manifest [K
pulling 60e05f210007:   6% ▕█                 ▏ 275 MB/4.7 GB  1.6 MB/s  45m56s[K[?25h[?2026l[?2026h[?25l[A[1Gpulling manifest [K
pulling 60e05f210007:   6% ▕█                 ▏ 276 MB/4.7 GB  1.6 MB/s  45m56s[K[?25h[?2026l[?2026h[?25l[A[1Gpulling manifest [K
pulling 60e05f210007:   6% ▕█                 ▏ 276 MB/4.7 GB  1.6 MB/s  45m56s[K[?25h[?2026l[?2026h[?25l[A[1Gpulling manifest [K
pulling 60e05f210007:   6% ▕█                 ▏ 276 MB/4.7 GB  1.6 MB/s  45m56s[K[?25h[?2026l[?2026h[?25l[A[1Gpulling manifest [K
pulling 60e05f210007:   6% ▕█                 ▏ 276 MB/4.7 GB  1.6 MB/s  45m56s[K[?25h[?2026l[?2026h[?25l[A[1Gpulling manifest [K
pulling 60e05f210007:   6% ▕█                 ▏ 276 MB/4.7 GB  1.6 MB/s  45m56s[K[?25h[?2026l[?2026h[?25l[A[1Gpulling manifest [K
pulling 60e05f210007:   6% ▕█                 ▏ 276 MB/4.7 GB  1.6 MB/s  46m21s[K[?25h[?2026l[?2026h[?25l[A[1Gpulling manifest [K
pulling 60e05f210007:   6% ▕█                 ▏ 277 MB/4.7 GB  1.6 MB/s  46m21s[K[?25h[?2026l[?2026h[?25l[A[1Gpulling manifest [K
pulling 60e05f210007:   6% ▕█                 ▏ 277 MB/4.7 GB  1.6 MB/s  46m21s[K[?25h[?2026l[?2026h[?25l[A[1Gpulling manifest [K
pulling 60e05f210007:   6% ▕█                 ▏ 277 MB/4.7 GB  1.6 MB/s  46m21s[K[?25h[?2026l[?2026h[?25l[A[1Gpulling manifest [K
pulling 60e05f210007:   6% ▕█                 ▏ 277 MB/4.7 GB  1.6 MB/s  46m20s[K[?25h[?2026l[?2026h[?25l[A[1Gpulling manifest [K
pulling 60e05f210007:   6% ▕█                 ▏ 277 MB/4.7 GB  1.6 MB/s  46m20s[K[?25h[?2026l[?2026h[?25l[A[1Gpulling manifest [K
pulling 60e05f210007:   6% ▕█                 ▏ 277 MB/4.7 GB  1.6 MB/s  46m20s[K[?25h[?2026l[?2026h[?25l[A[1Gpulling manifest [K
pulling 60e05f210007:   6% ▕█                 ▏ 277 MB/4.7 GB  1.6 MB/s  46m20s[K[?25h[?2026l[?2026h[?25l[A[1Gpulling manifest [K
pulling 60e05f210007:   6% ▕█                 ▏ 278 MB/4.7 GB  1.6 MB/s  46m20s[K[?25h[?2026l[?2026h[?25l[A[1Gpulling manifest [K
pulling 60e05f210007:   6% ▕█                 ▏ 278 MB/4.7 GB  1.6 MB/s  46m20s[K[?25h[?2026l[?2026h[?25l[A[1Gpulling manifest [K
pulling 60e05f210007:   6% ▕█                 ▏ 278 MB/4.7 GB  1.6 MB/s  46m40s[K[?25h[?2026l[?2026h[?25l[A[1Gpulling manifest [K
pulling 60e05f210007:   6% ▕█                 ▏ 278 MB/4.7 GB  1.6 MB/s  46m40s[K[?25h[?2026l[?2026h[?25l[A[1Gpulling manifest [K
pulling 60e05f210007:   6% ▕█                 ▏ 278 MB/4.7 GB  1.6 MB/s  46m40s[K[?25h[?2026l[?2026h[?25l[A[1Gpulling manifest [K
pulling 60e05f210007:   6% ▕█                 ▏ 278 MB/4.7 GB  1.6 MB/s  46m40s[K[?25h[?2026l[?2026h[?25l[A[1Gpulling manifest [K
pulling 60e05f210007:   6% ▕█                 ▏ 279 MB/4.7 GB  1.6 MB/s  46m39s[K[?25h[?2026l[?2026h[?25l[A[1Gpulling manifest [K
pulling 60e05f210007:   6% ▕█                 ▏ 279 MB/4.7 GB  1.6 MB/s  46m39s[K[?25h[?2026l[?2026h[?25l[A[1Gpulling manifest [K
pulling 60e05f210007:   6% ▕█                 ▏ 279 MB/4.7 GB  1.6 MB/s  46m39s[K[?25h[?2026l[?2026h[?25l[A[1Gpulling manifest [K
pulling 60e05f210007:   6% ▕█                 ▏ 279 MB/4.7 GB  1.6 MB/s  46m39s[K[?25h[?2026l[?2026h[?25l[A[1Gpulling manifest [K
pulling 60e05f210007:   6% ▕█                 ▏ 279 MB/4.7 GB  1.6 MB/s  46m39s[K[?25h[?2026l[?2026h[?25l[A[1Gpulling manifest [K
pulling 60e05f210007:   6% ▕█                 ▏ 279 MB/4.7 GB  1.6 MB/s  46m39s[K[?25h[?2026l[?2026h[?25l[A[1Gpulling manifest [K
pulling 60e05f210007:   6% ▕█                 ▏ 279 MB/4.7 GB  1.6 MB/s  46m18s[K[?25h[?2026l[?2026h[?25l[A[1Gpulling manifest [K
pulling 60e05f210007:   6% ▕█                 ▏ 280 MB/4.7 GB  1.6 MB/s  46m18s[K[?25h[?2026l[?2026h[?25l[A[1Gpulling manifest [K
pulling 60e05f210007:   6% ▕█                 ▏ 280 MB/4.7 GB  1.6 MB/s  46m18s[K[?25h[?2026l[?2026h[?25l[A[1Gpulling manifest [K
pulling 60e05f210007:   6% ▕█                 ▏ 280 MB/4.7 GB  1.6 MB/s  46m18s[K[?25h[?2026l[?2026h[?25l[A[1Gpulling manifest [K
pulling 60e05f210007:   6% ▕█                 ▏ 280 MB/4.7 GB  1.6 MB/s  46m18s[K[?25h[?2026l[?2026h[?25l[A[1Gpulling manifest [K
pulling 60e05f210007:   6% ▕█                 ▏ 280 MB/4.7 GB  1.6 MB/s  46m18s[K[?25h[?2026l[?2026h[?25l[A[1Gpulling manifest [K
pulling 60e05f210007:   6% ▕█                 ▏ 280 MB/4.7 GB  1.6 MB/s  46m17s[K[?25h[?2026l[?2026h[?25l[A[1Gpulling manifest [K
pulling 60e05f210007:   6% ▕█                 ▏ 281 MB/4.7 GB  1.6 MB/s  46m17s[K[?25h[?2026l[?2026h[?25l[A[1Gpulling manifest [K
pulling 60e05f210007:   6% ▕█                 ▏ 281 MB/4.7 GB  1.6 MB/s  46m17s[K[?25h[?2026l[?2026h[?25l[A[1Gpulling manifest [K
pulling 60e05f210007:   6% ▕█                 ▏ 281 MB/4.7 GB  1.6 MB/s  46m17s[K[?25h[?2026l[?2026h[?25l[A[1Gpulling manifest [K
pulling 60e05f210007:   6% ▕█                 ▏ 281 MB/4.7 GB  1.6 MB/s  46m17s[K[?25h[?2026l[?2026h[?25l[A[1Gpulling manifest [K
pulling 60e05f210007:   6% ▕█                 ▏ 281 MB/4.7 GB  1.6 MB/s   46m4s[K[?25h[?2026l[?2026h[?25l[A[1Gpulling manifest [K
pulling 60e05f210007:   6% ▕█                 ▏ 281 MB/4.7 GB  1.6 MB/s   46m4s[K[?25h[?2026l[?2026h[?25l[A[1Gpulling manifest [K
pulling 60e05f210007:   6% ▕█                 ▏ 281 MB/4.7 GB  1.6 MB/s   46m4s[K[?25h[?2026l[?2026h[?25l[A[1Gpulling manifest [K
pulling 60e05f210007:   6% ▕█                 ▏ 282 MB/4.7 GB  1.6 MB/s   46m4s[K[?25h[?2026l[?2026h[?25l[A[1Gpulling manifest [K
pulling 60e05f210007:   6% ▕█                 ▏ 282 MB/4.7 GB  1.6 MB/s   46m4s[K[?25h[?2026l[?2026h[?25l[A[1Gpulling manifest [K
pulling 60e05f210007:   6% ▕█                 ▏ 282 MB/4.7 GB  1.6 MB/s   46m4s[K[?25h[?2026l[?2026h[?25l[A[1Gpulling manifest [K
pulling 60e05f210007:   6% ▕█                 ▏ 282 MB/4.7 GB  1.6 MB/s   46m4s[K[?25h[?2026l[?2026h[?25l[A[1Gpulling manifest [K
pulling 60e05f210007:   6% ▕█                 ▏ 282 MB/4.7 GB  1.6 MB/s   46m4s[K[?25h[?2026l[?2026h[?25l[A[1Gpulling manifest [K
pulling 60e05f210007:   6% ▕█                 ▏ 282 MB/4.7 GB  1.6 MB/s   46m3s[K[?25h[?2026l[?2026h[?25l[A[1Gpulling manifest [K
pulling 60e05f210007:   6% ▕█                 ▏ 283 MB/4.7 GB  1.6 MB/s   46m3s[K[?25h[?2026l[?2026h[?25l[A[1Gpulling manifest [K
pulling 60e05f210007:   6% ▕█                 ▏ 283 MB/4.7 GB  1.6 MB/s   46m0s[K[?25h[?2026l[?2026h[?25l[A[1Gpulling manifest [K
pulling 60e05f210007:   6% ▕█                 ▏ 283 MB/4.7 GB  1.6 MB/s   46m0s[K[?25h[?2026l[?2026h[?25l[A[1Gpulling manifest [K
pulling 60e05f210007:   6% ▕█                 ▏ 283 MB/4.7 GB  1.6 MB/s   46m0s[K[?25h[?2026l[?2026h[?25l[A[1Gpulling manifest [K
pulling 60e05f210007:   6% ▕█                 ▏ 283 MB/4.7 GB  1.6 MB/s   46m0s[K[?25h[?2026l[?2026h[?25l[A[1Gpulling manifest [K
pulling 60e05f210007:   6% ▕█                 ▏ 283 MB/4.7 GB  1.6 MB/s   46m0s[K[?25h[?2026l[?2026h[?25l[A[1Gpulling manifest [K
pulling 60e05f210007:   6% ▕█                 ▏ 284 MB/4.7 GB  1.6 MB/s   46m0s[K[?25h[?2026l[?2026h[?25l[A[1Gpulling manifest [K
pulling 60e05f210007:   6% ▕█                 ▏ 284 MB/4.7 GB  1.6 MB/s  45m59s[K[?25h[?2026l[?2026h[?25l[A[1Gpulling manifest [K
pulling 60e05f210007:   6% ▕█                 ▏ 284 MB/4.7 GB  1.6 MB/s  45m59s[K[?25h[?2026l[?2026h[?25l[A[1Gpulling manifest [K
pulling 60e05f210007:   6% ▕█                 ▏ 284 MB/4.7 GB  1.6 MB/s  45m59s[K[?25h[?2026l[?2026h[?25l[A[1Gpulling manifest [K
pulling 60e05f210007:   6% ▕█                 ▏ 284 MB/4.7 GB  1.6 MB/s  45m59s[K[?25h[?2026l[?2026h[?25l[A[1Gpulling manifest [K
pulling 60e05f210007:   6% ▕█                 ▏ 284 MB/4.7 GB  1.6 MB/s  45m56s[K[?25h[?2026l[?2026h[?25l[A[1Gpulling manifest [K
pulling 60e05f210007:   6% ▕█                 ▏ 285 MB/4.7 GB  1.6 MB/s  45m56s[K[?25h[?2026l[?2026h[?25l[A[1Gpulling manifest [K
pulling 60e05f210007:   6% ▕█                 ▏ 285 MB/4.7 GB  1.6 MB/s  45m56s[K[?25h[?2026l[?2026h[?25l[A[1Gpulling manifest [K
pulling 60e05f210007:   6% ▕█                 ▏ 285 MB/4.7 GB  1.6 MB/s  45m56s[K[?25h[?2026l[?2026h[?25l[A[1Gpulling manifest [K
pulling 60e05f210007:   6% ▕█                 ▏ 285 MB/4.7 GB  1.6 MB/s  45m56s[K[?25h[?2026l[?2026h[?25l[A[1Gpulling manifest [K
pulling 60e05f210007:   6% ▕█                 ▏ 285 MB/4.7 GB  1.6 MB/s  45m55s[K[?25h[?2026l[?2026h[?25l[A[1Gpulling manifest [K
pulling 60e05f210007:   6% ▕█                 ▏ 285 MB/4.7 GB  1.6 MB/s  45m55s[K[?25h[?2026l[?2026h[?25l[A[1Gpulling manifest [K
pulling 60e05f210007:   6% ▕█                 ▏ 285 MB/4.7 GB  1.6 MB/s  45m55s[K[?25h[?2026l[?2026h[?25l[A[1Gpulling manifest [K
pulling 60e05f210007:   6% ▕█                 ▏ 286 MB/4.7 GB  1.6 MB/s  45m55s[K[?25h[?2026l[?2026h[?25l[A[1Gpulling manifest [K
pulling 60e05f210007:   6% ▕█                 ▏ 286 MB/4.7 GB  1.6 MB/s  45m55s[K[?25h[?2026l[?2026h[?25l[A[1Gpulling manifest [K
pulling 60e05f210007:   6% ▕█                 ▏ 286 MB/4.7 GB  1.6 MB/s  45m52s[K[?25h[?2026l[?2026h[?25l[A[1Gpulling manifest [K
pulling 60e05f210007:   6% ▕█                 ▏ 286 MB/4.7 GB  1.6 MB/s  45m52s[K[?25h[?2026l[?2026h[?25l[A[1Gpulling manifest [K
pulling 60e05f210007:   6% ▕█                 ▏ 286 MB/4.7 GB  1.6 MB/s  45m52s[K[?25h[?2026l[?2026h[?25l[A[1Gpulling manifest [K
pulling 60e05f210007:   6% ▕█                 ▏ 286 MB/4.7 GB  1.6 MB/s  45m51s[K[?25h[?2026l[?2026h[?25l[A[1Gpulling manifest [K
pulling 60e05f210007:   6% ▕█                 ▏ 287 MB/4.7 GB  1.6 MB/s  45m51s[K[?25h[?2026l[?2026h[?25l[A[1Gpulling manifest [K
pulling 60e05f210007:   6% ▕█                 ▏ 287 MB/4.7 GB  1.6 MB/s  45m51s[K[?25h[?2026l[?2026h[?25l[A[1Gpulling manifest [K
pulling 60e05f210007:   6% ▕█                 ▏ 287 MB/4.7 GB  1.6 MB/s  45m51s[K[?25h[?2026l[?2026h[?25l[A[1Gpulling manifest [K
pulling 60e05f210007:   6% ▕█                 ▏ 287 MB/4.7 GB  1.6 MB/s  45m51s[K[?25h[?2026l[?2026h[?25l[A[1Gpulling manifest [K
pulling 60e05f210007:   6% ▕█                 ▏ 287 MB/4.7 GB  1.6 MB/s  45m51s[K[?25h[?2026l[?2026h[?25l[A[1Gpulling manifest [K
pulling 60e05f210007:   6% ▕█                 ▏ 287 MB/4.7 GB  1.6 MB/s  45m51s[K[?25h[?2026l[?2026h[?25l[A[1Gpulling manifest [K
pulling 60e05f210007:   6% ▕█                 ▏ 287 MB/4.7 GB  1.6 MB/s  46m31s[K[?25h[?2026l[?2026h[?25l[A[1Gpulling manifest [K
pulling 60e05f210007:   6% ▕█                 ▏ 288 MB/4.7 GB  1.6 MB/s  46m31s[K[?25h[?2026l[?2026h[?25l[A[1Gpulling manifest [K
pulling 60e05f210007:   6% ▕█                 ▏ 288 MB/4.7 GB  1.6 MB/s  46m31s[K[?25h[?2026l[?2026h[?25l[A[1Gpulling manifest [K
pulling 60e05f210007:   6% ▕█                 ▏ 288 MB/4.7 GB  1.6 MB/s  46m31s[K[?25h[?2026l[?2026h[?25l[A[1Gpulling manifest [K
pulling 60e05f210007:   6% ▕█                 ▏ 288 MB/4.7 GB  1.6 MB/s  46m31s[K[?25h[?2026l[?2026h[?25l[A[1Gpulling manifest [K
pulling 60e05f210007:   6% ▕█                 ▏ 288 MB/4.7 GB  1.6 MB/s  46m31s[K[?25h[?2026l[?2026h[?25l[A[1Gpulling manifest [K
pulling 60e05f210007:   6% ▕█                 ▏ 288 MB/4.7 GB  1.6 MB/s  46m31s[K[?25h[?2026l[?2026h[?25l[A[1Gpulling manifest [K
pulling 60e05f210007:   6% ▕█                 ▏ 289 MB/4.7 GB  1.6 MB/s  46m31s[K[?25h[?2026l[?2026h[?25l[A[1Gpulling manifest [K
pulling 60e05f210007:   6% ▕█                 ▏ 289 MB/4.7 GB  1.6 MB/s  46m31s[K[?25h[?2026l[?2026h[?25l[A[1Gpulling manifest [K
pulling 60e05f210007:   6% ▕█                 ▏ 289 MB/4.7 GB  1.6 MB/s  46m30s[K[?25h[?2026l[?2026h[?25l[A[1Gpulling manifest [K
pulling 60e05f210007:   6% ▕█                 ▏ 289 MB/4.7 GB  1.6 MB/s  46m30s[K[?25h[?2026l[?2026h[?25l[A[1Gpulling manifest [K
pulling 60e05f210007:   6% ▕█                 ▏ 289 MB/4.7 GB  1.6 MB/s   46m2s[K[?25h[?2026l[?2026h[?25l[A[1Gpulling manifest [K
pulling 60e05f210007:   6% ▕█                 ▏ 289 MB/4.7 GB  1.6 MB/s   46m1s[K[?25h[?2026l[?2026h[?25l[A[1Gpulling manifest [K
pulling 60e05f210007:   6% ▕█                 ▏ 290 MB/4.7 GB  1.6 MB/s   46m1s[K[?25h[?2026l[?2026h[?25l[A[1Gpulling manifest [K
pulling 60e05f210007:   6% ▕█                 ▏ 290 MB/4.7 GB  1.6 MB/s   46m1s[K[?25h[?2026l[?2026h[?25l[A[1Gpulling manifest [K
pulling 60e05f210007:   6% ▕█                 ▏ 290 MB/4.7 GB  1.6 MB/s   46m1s[K[?25h[?2026l[?2026h[?25l[A[1Gpulling manifest [K
pulling 60e05f210007:   6% ▕█                 ▏ 290 MB/4.7 GB  1.6 MB/s   46m1s[K[?25h[?2026l[?2026h[?25l[A[1Gpulling manifest [K
pulling 60e05f210007:   6% ▕█                 ▏ 290 MB/4.7 GB  1.6 MB/s   46m1s[K[?25h[?2026l[?2026h[?25l[A[1Gpulling manifest [K
pulling 60e05f210007:   6% ▕█                 ▏ 290 MB/4.7 GB  1.6 MB/s   46m1s[K[?25h[?2026l[?2026h[?25l[A[1Gpulling manifest [K
pulling 60e05f210007:   6% ▕█                 ▏ 290 MB/4.7 GB  1.6 MB/s   46m1s[K[?25h[?2026l[?2026h[?25l[A[1Gpulling manifest [K
pulling 60e05f210007:   6% ▕█                 ▏ 291 MB/4.7 GB  1.6 MB/s   46m1s[K[?25h[?2026l[?2026h[?25l[A[1Gpulling manifest [K
pulling 60e05f210007:   6% ▕█                 ▏ 291 MB/4.7 GB  1.6 MB/s  45m48s[K[?25h[?2026l[?2026h[?25l[A[1Gpulling manifest [K
pulling 60e05f210007:   6% ▕█                 ▏ 291 MB/4.7 GB  1.6 MB/s  45m48s[K[?25h[?2026l[?2026h[?25l[A[1Gpulling manifest [K
pulling 60e05f210007:   6% ▕█                 ▏ 291 MB/4.7 GB  1.6 MB/s  45m48s[K[?25h[?2026l[?2026h[?25l[A[1Gpulling manifest [K
pulling 60e05f210007:   6% ▕█                 ▏ 291 MB/4.7 GB  1.6 MB/s  45m48s[K[?25h[?2026l[?2026h[?25l[A[1Gpulling manifest [K
pulling 60e05f210007:   6% ▕█                 ▏ 291 MB/4.7 GB  1.6 MB/s  45m48s[K[?25h[?2026l[?2026h[?25l[A[1Gpulling manifest [K
pulling 60e05f210007:   6% ▕█                 ▏ 292 MB/4.7 GB  1.6 MB/s  45m48s[K[?25h[?2026l[?2026h[?25l[A[1Gpulling manifest [K
pulling 60e05f210007:   6% ▕█                 ▏ 292 MB/4.7 GB  1.6 MB/s  45m47s[K[?25h[?2026l[?2026h[?25l[A[1Gpulling manifest [K
pulling 60e05f210007:   6% ▕█                 ▏ 292 MB/4.7 GB  1.6 MB/s  45m47s[K[?25h[?2026l[?2026h[?25l[A[1Gpulling manifest [K
pulling 60e05f210007:   6% ▕█                 ▏ 292 MB/4.7 GB  1.6 MB/s  45m47s[K[?25h[?2026l[?2026h[?25l[A[1Gpulling manifest [K
pulling 60e05f210007:   6% ▕█                 ▏ 292 MB/4.7 GB  1.6 MB/s  45m47s[K[?25h[?2026l[?2026h[?25l[A[1Gpulling manifest [K
pulling 60e05f210007:   6% ▕█                 ▏ 292 MB/4.7 GB  1.6 MB/s  45m18s[K[?25h[?2026l[?2026h[?25l[A[1Gpulling manifest [K
pulling 60e05f210007:   6% ▕█                 ▏ 293 MB/4.7 GB  1.6 MB/s  45m18s[K[?25h[?2026l[?2026h[?25l[A[1Gpulling manifest [K
pulling 60e05f210007:   6% ▕█                 ▏ 293 MB/4.7 GB  1.6 MB/s  45m17s[K[?25h[?2026l[?2026h[?25l[A[1Gpulling manifest [K
pulling 60e05f210007:   6% ▕█                 ▏ 293 MB/4.7 GB  1.6 MB/s  45m17s[K[?25h[?2026l[?2026h[?25l[A[1Gpulling manifest [K
pulling 60e05f210007:   6% ▕█                 ▏ 293 MB/4.7 GB  1.6 MB/s  45m17s[K[?25h[?2026l[?2026h[?25l[A[1Gpulling manifest [K
pulling 60e05f210007:   6% ▕█                 ▏ 293 MB/4.7 GB  1.6 MB/s  45m17s[K[?25h[?2026l[?2026h[?25l[A[1Gpulling manifest [K
pulling 60e05f210007:   6% ▕█                 ▏ 293 MB/4.7 GB  1.6 MB/s  45m17s[K[?25h[?2026l[?2026h[?25l[A[1Gpulling manifest [K
pulling 60e05f210007:   6% ▕█                 ▏ 294 MB/4.7 GB  1.6 MB/s  45m17s[K[?25h[?2026l[?2026h[?25l[A[1Gpulling manifest [K
pulling 60e05f210007:   6% ▕█                 ▏ 294 MB/4.7 GB  1.6 MB/s  45m17s[K[?25h[?2026l[?2026h[?25l[A[1Gpulling manifest [K
pulling 60e05f210007:   6% ▕█                 ▏ 294 MB/4.7 GB  1.6 MB/s  45m17s[K[?25h[?2026l[?2026h[?25l[A[1Gpulling manifest [K
pulling 60e05f210007:   6% ▕█                 ▏ 294 MB/4.7 GB  1.6 MB/s  45m36s[K[?25h[?2026l[?2026h[?25l[A[1Gpulling manifest [K
pulling 60e05f210007:   6% ▕█                 ▏ 294 MB/4.7 GB  1.6 MB/s  45m36s[K[?25h[?2026l[?2026h[?25l[A[1Gpulling manifest [K
pulling 60e05f210007:   6% ▕█                 ▏ 294 MB/4.7 GB  1.6 MB/s  45m36s[K[?25h[?2026l[?2026h[?25l[A[1Gpulling manifest [K
pulling 60e05f210007:   6% ▕█                 ▏ 294 MB/4.7 GB  1.6 MB/s  45m36s[K[?25h[?2026l[?2026h[?25l[A[1Gpulling manifest [K
pulling 60e05f210007:   6% ▕█                 ▏ 295 MB/4.7 GB  1.6 MB/s  45m36s[K[?25h[?2026l[?2026h[?25l[A[1Gpulling manifest [K
pulling 60e05f210007:   6% ▕█                 ▏ 295 MB/4.7 GB  1.6 MB/s  45m35s[K[?25h[?2026l[?2026h[?25l[A[1Gpulling manifest [K
pulling 60e05f210007:   6% ▕█                 ▏ 295 MB/4.7 GB  1.6 MB/s  45m35s[K[?25h[?2026l[?2026h[?25l[A[1Gpulling manifest [K
pulling 60e05f210007:   6% ▕█                 ▏ 295 MB/4.7 GB  1.6 MB/s  45m35s[K[?25h[?2026l[?2026h[?25l[A[1Gpulling manifest [K
pulling 60e05f210007:   6% ▕█                 ▏ 295 MB/4.7 GB  1.6 MB/s  45m35s[K[?25h[?2026l[?2026h[?25l[A[1Gpulling manifest [K
pulling 60e05f210007:   6% ▕█                 ▏ 295 MB/4.7 GB  1.6 MB/s  45m35s[K[?25h[?2026l[?2026h[?25l[A[1Gpulling manifest [K
pulling 60e05f210007:   6% ▕█                 ▏ 296 MB/4.7 GB  1.6 MB/s  45m21s[K[?25h[?2026l[?2026h[?25l[A[1Gpulling manifest [K
pulling 60e05f210007:   6% ▕█                 ▏ 296 MB/4.7 GB  1.6 MB/s  45m21s[K[?25h[?2026l[?2026h[?25l[A[1Gpulling manifest [K
pulling 60e05f210007:   6% ▕█                 ▏ 296 MB/4.7 GB  1.6 MB/s  45m21s[K[?25h[?2026l[?2026h[?25l[A[1Gpulling manifest [K
pulling 60e05f210007:   6% ▕█                 ▏ 296 MB/4.7 GB  1.6 MB/s  45m21s[K[?25h[?2026l[?2026h[?25l[A[1Gpulling manifest [K
pulling 60e05f210007:   6% ▕█                 ▏ 296 MB/4.7 GB  1.6 MB/s  45m21s[K[?25h[?2026l[?2026h[?25l[A[1Gpulling manifest [K
pulling 60e05f210007:   6% ▕█                 ▏ 296 MB/4.7 GB  1.6 MB/s  45m21s[K[?25h[?2026l[?2026h[?25l[A[1Gpulling manifest [K
pulling 60e05f210007:   6% ▕█                 ▏ 296 MB/4.7 GB  1.6 MB/s  45m21s[K[?25h[?2026l[?2026h[?25l[A[1Gpulling manifest [K
pulling 60e05f210007:   6% ▕█                 ▏ 297 MB/4.7 GB  1.6 MB/s  45m21s[K[?25h[?2026l[?2026h[?25l[A[1Gpulling manifest [K
pulling 60e05f210007:   6% ▕█                 ▏ 297 MB/4.7 GB  1.6 MB/s  45m20s[K[?25h[?2026l[?2026h[?25l[A[1Gpulling manifest [K
pulling 60e05f210007:   6% ▕█                 ▏ 297 MB/4.7 GB  1.6 MB/s  45m20s[K[?25h[?2026l[?2026h[?25l[A[1Gpulling manifest [K
pulling 60e05f210007:   6% ▕█                 ▏ 297 MB/4.7 GB  1.6 MB/s  45m20s[K[?25h[?2026l[?2026h[?25l[A[1Gpulling manifest [K
pulling 60e05f210007:   6% ▕█                 ▏ 297 MB/4.7 GB  1.6 MB/s  45m29s[K[?25h[?2026l[?2026h[?25l[A[1Gpulling manifest [K
pulling 60e05f210007:   6% ▕█                 ▏ 297 MB/4.7 GB  1.6 MB/s  45m29s[K[?25h[?2026l[?2026h[?25l[A[1Gpulling manifest [K
pulling 60e05f210007:   6% ▕█                 ▏ 298 MB/4.7 GB  1.6 MB/s  45m29s[K[?25h[?2026l[?2026h[?25l[A[1Gpulling manifest [K
pulling 60e05f210007:   6% ▕█                 ▏ 298 MB/4.7 GB  1.6 MB/s  45m29s[K[?25h[?2026l[?2026h[?25l[A[1Gpulling manifest [K
pulling 60e05f210007:   6% ▕█                 ▏ 298 MB/4.7 GB  1.6 MB/s  45m29s[K[?25h[?2026l[?2026h[?25l[A[1Gpulling manifest [K
pulling 60e05f210007:   6% ▕█                 ▏ 298 MB/4.7 GB  1.6 MB/s  45m29s[K[?25h[?2026l[?2026h[?25l[A[1Gpulling manifest [K
pulling 60e05f210007:   6% ▕█                 ▏ 298 MB/4.7 GB  1.6 MB/s  45m29s[K[?25h[?2026l[?2026h[?25l[A[1Gpulling manifest [K
pulling 60e05f210007:   6% ▕█                 ▏ 298 MB/4.7 GB  1.6 MB/s  45m29s[K[?25h[?2026l[?2026h[?25l[A[1Gpulling manifest [K
pulling 60e05f210007:   6% ▕█                 ▏ 299 MB/4.7 GB  1.6 MB/s  45m29s[K[?25h[?2026l[?2026h[?25l[A[1Gpulling manifest [K
pulling 60e05f210007:   6% ▕█                 ▏ 299 MB/4.7 GB  1.6 MB/s  45m28s[K[?25h[?2026l[?2026h[?25l[A[1Gpulling manifest [K
pulling 60e05f210007:   6% ▕█                 ▏ 299 MB/4.7 GB  1.6 MB/s  45m22s[K[?25h[?2026l[?2026h[?25l[A[1Gpulling manifest [K
pulling 60e05f210007:   6% ▕█                 ▏ 299 MB/4.7 GB  1.6 MB/s  45m22s[K[?25h[?2026l[?2026h[?25l[A[1Gpulling manifest [K
pulling 60e05f210007:   6% ▕█                 ▏ 299 MB/4.7 GB  1.6 MB/s  45m22s[K[?25h[?2026l[?2026h[?25l[A[1Gpulling manifest [K
pulling 60e05f210007:   6% ▕█                 ▏ 299 MB/4.7 GB  1.6 MB/s  45m22s[K[?25h[?2026l[?2026h[?25l[A[1Gpulling manifest [K
pulling 60e05f210007:   6% ▕█                 ▏ 299 MB/4.7 GB  1.6 MB/s  45m22s[K[?25h[?2026l[?2026h[?25l[A[1Gpulling manifest [K
pulling 60e05f210007:   6% ▕█                 ▏ 300 MB/4.7 GB  1.6 MB/s  45m22s[K[?25h[?2026l[?2026h[?25l[A[1Gpulling manifest [K
pulling 60e05f210007:   6% ▕█                 ▏ 300 MB/4.7 GB  1.6 MB/s  45m22s[K[?25h[?2026l[?2026h[?25l[A[1Gpulling manifest [K
pulling 60e05f210007:   6% ▕█                 ▏ 300 MB/4.7 GB  1.6 MB/s  45m21s[K[?25h[?2026l[?2026h[?25l[A[1Gpulling manifest [K
pulling 60e05f210007:   6% ▕█                 ▏ 300 MB/4.7 GB  1.6 MB/s  45m21s[K[?25h[?2026l[?2026h[?25l[A[1Gpulling manifest [K
pulling 60e05f210007:   6% ▕█                 ▏ 300 MB/4.7 GB  1.6 MB/s  45m21s[K[?25h[?2026l[?2026h[?25l[A[1Gpulling manifest [K
pulling 60e05f210007:   6% ▕█                 ▏ 300 MB/4.7 GB  1.6 MB/s  45m18s[K[?25h[?2026l[?2026h[?25l[A[1Gpulling manifest [K
pulling 60e05f210007:   6% ▕█                 ▏ 301 MB/4.7 GB  1.6 MB/s  45m18s[K[?25h[?2026l[?2026h[?25l[A[1Gpulling manifest [K
pulling 60e05f210007:   6% ▕█                 ▏ 301 MB/4.7 GB  1.6 MB/s  45m18s[K[?25h[?2026l[?2026h[?25l[A[1Gpulling manifest [K
pulling 60e05f210007:   6% ▕█                 ▏ 301 MB/4.7 GB  1.6 MB/s  45m18s[K[?25h[?2026l[?2026h[?25l[A[1Gpulling manifest [K
pulling 60e05f210007:   6% ▕█                 ▏ 301 MB/4.7 GB  1.6 MB/s  45m18s[K[?25h[?2026l[?2026h[?25l[A[1Gpulling manifest [K
pulling 60e05f210007:   6% ▕█                 ▏ 301 MB/4.7 GB  1.6 MB/s  45m18s[K[?25h[?2026l[?2026h[?25l[A[1Gpulling manifest [K
pulling 60e05f210007:   6% ▕█                 ▏ 301 MB/4.7 GB  1.6 MB/s  45m17s[K[?25h[?2026l[?2026h[?25l[A[1Gpulling manifest [K
pulling 60e05f210007:   6% ▕█                 ▏ 302 MB/4.7 GB  1.6 MB/s  45m17s[K[?25h[?2026l[?2026h[?25l[A[1Gpulling manifest [K
pulling 60e05f210007:   6% ▕█                 ▏ 302 MB/4.7 GB  1.6 MB/s  45m17s[K[?25h[?2026l[?2026h[?25l[A[1Gpulling manifest [K
pulling 60e05f210007:   6% ▕█                 ▏ 302 MB/4.7 GB  1.6 MB/s  45m17s[K[?25h[?2026l[?2026h[?25l[A[1Gpulling manifest [K
pulling 60e05f210007:   6% ▕█                 ▏ 302 MB/4.7 GB  1.6 MB/s  44m39s[K[?25h[?2026l[?2026h[?25l[A[1Gpulling manifest [K
pulling 60e05f210007:   6% ▕█                 ▏ 302 MB/4.7 GB  1.6 MB/s  44m39s[K[?25h[?2026l[?2026h[?25l[A[1Gpulling manifest [K
pulling 60e05f210007:   6% ▕█                 ▏ 302 MB/4.7 GB  1.6 MB/s  44m39s[K[?25h[?2026l[?2026h[?25l[A[1Gpulling manifest [K
pulling 60e05f210007:   6% ▕█                 ▏ 303 MB/4.7 GB  1.6 MB/s  44m39s[K[?25h[?2026l[?2026h[?25l[A[1Gpulling manifest [K
pulling 60e05f210007:   6% ▕█                 ▏ 303 MB/4.7 GB  1.6 MB/s  44m39s[K[?25h[?2026l[?2026h[?25l[A[1Gpulling manifest [K
pulling 60e05f210007:   6% ▕█                 ▏ 303 MB/4.7 GB  1.6 MB/s  44m39s[K[?25h[?2026l[?2026h[?25l[A[1Gpulling manifest [K
pulling 60e05f210007:   6% ▕█                 ▏ 303 MB/4.7 GB  1.6 MB/s  44m39s[K[?25h[?2026l[?2026h[?25l[A[1Gpulling manifest [K
pulling 60e05f210007:   6% ▕█                 ▏ 303 MB/4.7 GB  1.6 MB/s  44m39s[K[?25h[?2026l[?2026h[?25l[A[1Gpulling manifest [K
pulling 60e05f210007:   6% ▕█                 ▏ 303 MB/4.7 GB  1.6 MB/s  44m38s[K[?25h[?2026l[?2026h[?25l[A[1Gpulling manifest [K
pulling 60e05f210007:   6% ▕█                 ▏ 304 MB/4.7 GB  1.6 MB/s  44m38s[K[?25h[?2026l[?2026h[?25l[A[1Gpulling manifest [K
pulling 60e05f210007:   6% ▕█                 ▏ 304 MB/4.7 GB  1.6 MB/s   45m2s[K[?25h[?2026l[?2026h[?25l[A[1Gpulling manifest [K
pulling 60e05f210007:   6% ▕█                 ▏ 304 MB/4.7 GB  1.6 MB/s   45m2s[K[?25h[?2026l[?2026h[?25l[A[1Gpulling manifest [K
pulling 60e05f210007:   7% ▕█                 ▏ 304 MB/4.7 GB  1.6 MB/s   45m1s[K[?25h[?2026l[?2026h[?25l[A[1Gpulling manifest [K
pulling 60e05f210007:   7% ▕█                 ▏ 304 MB/4.7 GB  1.6 MB/s   45m1s[K[?25h[?2026l[?2026h[?25l[A[1Gpulling manifest [K
pulling 60e05f210007:   7% ▕█                 ▏ 304 MB/4.7 GB  1.6 MB/s   45m1s[K[?25h[?2026l[?2026h[?25l[A[1Gpulling manifest [K
pulling 60e05f210007:   7% ▕█                 ▏ 305 MB/4.7 GB  1.6 MB/s   45m1s[K[?25h[?2026l[?2026h[?25l[A[1Gpulling manifest [K
pulling 60e05f210007:   7% ▕█                 ▏ 305 MB/4.7 GB  1.6 MB/s   45m1s[K[?25h[?2026l[?2026h[?25l[A[1Gpulling manifest [K
pulling 60e05f210007:   7% ▕█                 ▏ 305 MB/4.7 GB  1.6 MB/s   45m1s[K[?25h[?2026l[?2026h[?25l[A[1Gpulling manifest [K
pulling 60e05f210007:   7% ▕█                 ▏ 305 MB/4.7 GB  1.6 MB/s   45m1s[K[?25h[?2026l[?2026h[?25l[A[1Gpulling manifest [K
pulling 60e05f210007:   7% ▕█                 ▏ 305 MB/4.7 GB  1.6 MB/s   45m1s[K[?25h[?2026l[?2026h[?25l[A[1Gpulling manifest [K
pulling 60e05f210007:   7% ▕█                 ▏ 305 MB/4.7 GB  1.6 MB/s   45m1s[K[?25h[?2026l[?2026h[?25l[A[1Gpulling manifest [K
pulling 60e05f210007:   7% ▕█                 ▏ 305 MB/4.7 GB  1.6 MB/s  44m39s[K[?25h[?2026l[?2026h[?25l[A[1Gpulling manifest [K
pulling 60e05f210007:   7% ▕█                 ▏ 306 MB/4.7 GB  1.6 MB/s  44m39s[K[?25h[?2026l[?2026h[?25l[A[1Gpulling manifest [K
pulling 60e05f210007:   7% ▕█                 ▏ 306 MB/4.7 GB  1.6 MB/s  44m39s[K[?25h[?2026l[?2026h[?25l[A[1Gpulling manifest [K
pulling 60e05f210007:   7% ▕█                 ▏ 306 MB/4.7 GB  1.6 MB/s  44m39s[K[?25h[?2026l[?2026h[?25l[A[1Gpulling manifest [K
pulling 60e05f210007:   7% ▕█                 ▏ 306 MB/4.7 GB  1.6 MB/s  44m39s[K[?25h[?2026l[?2026h[?25l[A[1Gpulling manifest [K
pulling 60e05f210007:   7% ▕█                 ▏ 306 MB/4.7 GB  1.6 MB/s  44m39s[K[?25h[?2026l[?2026h[?25l[A[1Gpulling manifest [K
pulling 60e05f210007:   7% ▕█                 ▏ 306 MB/4.7 GB  1.6 MB/s  44m39s[K[?25h[?2026l[?2026h[?25l[A[1Gpulling manifest [K
pulling 60e05f210007:   6% ▕█                 ▏ 303 MB/4.7 GB  1.6 MB/s  44m41s[K[?25h[?2026l[?2026h[?25l[A[1Gpulling manifest [K
pulling 60e05f210007:   6% ▕█                 ▏ 303 MB/4.7 GB  1.6 MB/s  44m41s[K[?25h[?2026l[?2026h[?25l[A[1Gpulling manifest [K
pulling 60e05f210007:   6% ▕█                 ▏ 303 MB/4.7 GB  1.6 MB/s  44m41s[K[?25h[?2026l[?2026h[?25l[A[1Gpulling manifest [K
pulling 60e05f210007:   6% ▕█                 ▏ 303 MB/4.7 GB  1.2 MB/s    1h0m[K[?25h[?2026l[?2026h[?25l[A[1Gpulling manifest [K
pulling 60e05f210007:   6% ▕█                 ▏ 303 MB/4.7 GB  1.2 MB/s    1h0m[K[?25h[?2026l[?2026h[?25l[A[1Gpulling manifest [K
pulling 60e05f210007:   6% ▕█                 ▏ 304 MB/4.7 GB  1.2 MB/s    1h0m[K[?25h[?2026l[?2026h[?25l[A[1Gpulling manifest [K
pulling 60e05f210007:   6% ▕█                 ▏ 304 MB/4.7 GB  1.2 MB/s    1h0m[K[?25h[?2026l[?2026h[?25l[A[1Gpulling manifest [K
pulling 60e05f210007:   7% ▕█                 ▏ 304 MB/4.7 GB  1.2 MB/s    1h0m[K[?25h[?2026l[?2026h[?25l[A[1Gpulling manifest [K
pulling 60e05f210007:   7% ▕█                 ▏ 304 MB/4.7 GB  1.2 MB/s    1h0m[K[?25h[?2026l[?2026h[?25l[A[1Gpulling manifest [K
pulling 60e05f210007:   7% ▕█                 ▏ 304 MB/4.7 GB  1.2 MB/s    1h0m[K[?25h[?2026l[?2026h[?25l[A[1Gpulling manifest [K
pulling 60e05f210007:   7% ▕█                 ▏ 304 MB/4.7 GB  1.2 MB/s    1h0m[K[?25h[?2026l[?2026h[?25l[A[1Gpulling manifest [K
pulling 60e05f210007:   7% ▕█                 ▏ 305 MB/4.7 GB  1.2 MB/s    1h0m[K[?25h[?2026l[?2026h[?25l[A[1Gpulling manifest [K
pulling 60e05f210007:   7% ▕█                 ▏ 305 MB/4.7 GB  1.2 MB/s    1h0m[K[?25h[?2026l[?2026h[?25l[A[1Gpulling manifest [K
pulling 60e05f210007:   7% ▕█                 ▏ 305 MB/4.7 GB  1.2 MB/s  59m40s[K[?25h[?2026l[?2026h[?25l[A[1Gpulling manifest [K
pulling 60e05f210007:   7% ▕█                 ▏ 305 MB/4.7 GB  1.2 MB/s  59m40s[K[?25h[?2026l[?2026h[?25l[A[1Gpulling manifest [K
pulling 60e05f210007:   7% ▕█                 ▏ 305 MB/4.7 GB  1.2 MB/s  59m40s[K[?25h[?2026l[?2026h[?25l[A[1Gpulling manifest [K
pulling 60e05f210007:   7% ▕█                 ▏ 305 MB/4.7 GB  1.2 MB/s  59m40s[K[?25h[?2026l[?2026h[?25l[A[1Gpulling manifest [K
pulling 60e05f210007:   7% ▕█                 ▏ 306 MB/4.7 GB  1.2 MB/s  59m40s[K[?25h[?2026l[?2026h[?25l[A[1Gpulling manifest [K
pulling 60e05f210007:   7% ▕█                 ▏ 306 MB/4.7 GB  1.2 MB/s  59m40s[K[?25h[?2026l[?2026h[?25l[A[1Gpulling manifest [K
pulling 60e05f210007:   7% ▕█                 ▏ 306 MB/4.7 GB  1.2 MB/s  59m39s[K[?25h[?2026l[?2026h[?25l[A[1Gpulling manifest [K
pulling 60e05f210007:   7% ▕█                 ▏ 306 MB/4.7 GB  1.2 MB/s  59m39s[K[?25h[?2026l[?2026h[?25l[A[1Gpulling manifest [K
pulling 60e05f210007:   7% ▕█                 ▏ 306 MB/4.7 GB  1.2 MB/s  59m39s[K[?25h[?2026l[?2026h[?25l[A[1Gpulling manifest [K
pulling 60e05f210007:   7% ▕█                 ▏ 306 MB/4.7 GB  1.2 MB/s  59m39s[K[?25h[?2026l[?2026h[?25l[A[1Gpulling manifest [K
pulling 60e05f210007:   7% ▕█                 ▏ 307 MB/4.7 GB  1.2 MB/s  59m55s[K[?25h[?2026l[?2026h[?25l[A[1Gpulling manifest [K
pulling 60e05f210007:   7% ▕█                 ▏ 307 MB/4.7 GB  1.2 MB/s  59m55s[K[?25h[?2026l[?2026h[?25l[A[1Gpulling manifest [K
pulling 60e05f210007:   7% ▕█                 ▏ 307 MB/4.7 GB  1.2 MB/s  59m55s[K[?25h[?2026l[?2026h[?25l[A[1Gpulling manifest [K
pulling 60e05f210007:   7% ▕█                 ▏ 307 MB/4.7 GB  1.2 MB/s  59m54s[K[?25h[?2026l[?2026h[?25l[A[1Gpulling manifest [K
pulling 60e05f210007:   7% ▕█                 ▏ 307 MB/4.7 GB  1.2 MB/s  59m54s[K[?25h[?2026l[?2026h[?25l[A[1Gpulling manifest [K
pulling 60e05f210007:   7% ▕█                 ▏ 307 MB/4.7 GB  1.2 MB/s  59m54s[K[?25h[?2026l[?2026h[?25l[A[1Gpulling manifest [K
pulling 60e05f210007:   7% ▕█                 ▏ 308 MB/4.7 GB  1.2 MB/s  59m54s[K[?25h[?2026l[?2026h[?25l[A[1Gpulling manifest [K
pulling 60e05f210007:   7% ▕█                 ▏ 308 MB/4.7 GB  1.2 MB/s  59m54s[K[?25h[?2026l[?2026h[?25l[A[1Gpulling manifest [K
pulling 60e05f210007:   7% ▕█                 ▏ 308 MB/4.7 GB  1.2 MB/s  59m54s[K[?25h[?2026l[?2026h[?25l[A[1Gpulling manifest [K
pulling 60e05f210007:   7% ▕█                 ▏ 308 MB/4.7 GB  1.2 MB/s  59m54s[K[?25h[?2026l[?2026h[?25l[A[1Gpulling manifest [K
pulling 60e05f210007:   7% ▕█                 ▏ 308 MB/4.7 GB  1.2 MB/s  58m24s[K[?25h[?2026l[?2026h[?25l[A[1Gpulling manifest [K
pulling 60e05f210007:   7% ▕█                 ▏ 309 MB/4.7 GB  1.2 MB/s  58m24s[K[?25h[?2026l[?2026h[?25l[A[1Gpulling manifest [K
pulling 60e05f210007:   7% ▕█                 ▏ 309 MB/4.7 GB  1.2 MB/s  58m24s[K[?25h[?2026l[?2026h[?25l[A[1Gpulling manifest [K
pulling 60e05f210007:   7% ▕█                 ▏ 309 MB/4.7 GB  1.2 MB/s  58m24s[K[?25h[?2026l[?2026h[?25l[A[1Gpulling manifest [K
pulling 60e05f210007:   7% ▕█                 ▏ 309 MB/4.7 GB  1.2 MB/s  58m24s[K[?25h[?2026l[?2026h[?25l[A[1Gpulling manifest [K
pulling 60e05f210007:   7% ▕█                 ▏ 309 MB/4.7 GB  1.2 MB/s  58m24s[K[?25h[?2026l[?2026h[?25l[A[1Gpulling manifest [K
pulling 60e05f210007:   7% ▕█                 ▏ 309 MB/4.7 GB  1.2 MB/s  58m23s[K[?25h[?2026l[?2026h[?25l[A[1Gpulling manifest [K
pulling 60e05f210007:   7% ▕█                 ▏ 309 MB/4.7 GB  1.2 MB/s  58m23s[K[?25h[?2026l[?2026h[?25l[A[1Gpulling manifest [K
pulling 60e05f210007:   7% ▕█                 ▏ 310 MB/4.7 GB  1.2 MB/s  58m23s[K[?25h[?2026l[?2026h[?25l[A[1Gpulling manifest [K
pulling 60e05f210007:   7% ▕█                 ▏ 310 MB/4.7 GB  1.2 MB/s  58m23s[K[?25h[?2026l[?2026h[?25l[A[1Gpulling manifest [K
pulling 60e05f210007:   7% ▕█                 ▏ 310 MB/4.7 GB  1.2 MB/s  58m23s[K[?25h[?2026l[?2026h[?25l[A[1Gpulling manifest [K
pulling 60e05f210007:   7% ▕█                 ▏ 310 MB/4.7 GB  1.2 MB/s  58m18s[K[?25h[?2026l[?2026h[?25l[A[1Gpulling manifest [K
pulling 60e05f210007:   7% ▕█                 ▏ 310 MB/4.7 GB  1.2 MB/s  58m18s[K[?25h[?2026l[?2026h[?25l[A[1Gpulling manifest [K
pulling 60e05f210007:   7% ▕█                 ▏ 311 MB/4.7 GB  1.2 MB/s  58m17s[K[?25h[?2026l[?2026h[?25l[A[1Gpulling manifest [K
pulling 60e05f210007:   7% ▕█                 ▏ 311 MB/4.7 GB  1.2 MB/s  58m17s[K[?25h[?2026l[?2026h[?25l[A[1Gpulling manifest [K
pulling 60e05f210007:   7% ▕█                 ▏ 311 MB/4.7 GB  1.2 MB/s  58m17s[K[?25h[?2026l[?2026h[?25l[A[1Gpulling manifest [K
pulling 60e05f210007:   7% ▕█                 ▏ 311 MB/4.7 GB  1.2 MB/s  58m17s[K[?25h[?2026l[?2026h[?25l[A[1Gpulling manifest [K
pulling 60e05f210007:   7% ▕█                 ▏ 311 MB/4.7 GB  1.2 MB/s  58m17s[K[?25h[?2026l[?2026h[?25l[A[1Gpulling manifest [K
pulling 60e05f210007:   7% ▕█                 ▏ 311 MB/4.7 GB  1.2 MB/s  58m17s[K[?25h[?2026l[?2026h[?25l[A[1Gpulling manifest [K
pulling 60e05f210007:   7% ▕█                 ▏ 312 MB/4.7 GB  1.2 MB/s  58m17s[K[?25h[?2026l[?2026h[?25l[A[1Gpulling manifest [K
pulling 60e05f210007:   7% ▕█                 ▏ 312 MB/4.7 GB  1.2 MB/s  58m17s[K[?25h[?2026l[?2026h[?25l[A[1Gpulling manifest [K
pulling 60e05f210007:   7% ▕█                 ▏ 312 MB/4.7 GB  1.3 MB/s   58m1s[K[?25h[?2026l[?2026h[?25l[A[1Gpulling manifest [K
pulling 60e05f210007:   7% ▕█                 ▏ 312 MB/4.7 GB  1.3 MB/s   58m1s[K[?25h[?2026l[?2026h[?25l[A[1Gpulling manifest [K
pulling 60e05f210007:   7% ▕█                 ▏ 312 MB/4.7 GB  1.3 MB/s   58m1s[K[?25h[?2026l[?2026h[?25l[A[1Gpulling manifest [K
pulling 60e05f210007:   7% ▕█                 ▏ 312 MB/4.7 GB  1.3 MB/s   58m1s[K[?25h[?2026l[?2026h[?25l[A[1Gpulling manifest [K
pulling 60e05f210007:   7% ▕█                 ▏ 313 MB/4.7 GB  1.3 MB/s   58m1s[K[?25h[?2026l[?2026h[?25l[A[1Gpulling manifest [K
pulling 60e05f210007:   7% ▕█                 ▏ 313 MB/4.7 GB  1.3 MB/s   58m0s[K[?25h[?2026l[?2026h[?25l[A[1Gpulling manifest [K
pulling 60e05f210007:   7% ▕█                 ▏ 313 MB/4.7 GB  1.3 MB/s   58m0s[K[?25h[?2026l[?2026h[?25l[A[1Gpulling manifest [K
pulling 60e05f210007:   7% ▕█                 ▏ 313 MB/4.7 GB  1.3 MB/s   58m0s[K[?25h[?2026l[?2026h[?25l[A[1Gpulling manifest [K
pulling 60e05f210007:   7% ▕█                 ▏ 313 MB/4.7 GB  1.3 MB/s   58m0s[K[?25h[?2026l[?2026h[?25l[A[1Gpulling manifest [K
pulling 60e05f210007:   7% ▕█                 ▏ 313 MB/4.7 GB  1.3 MB/s   58m0s[K[?25h[?2026l[?2026h[?25l[A[1Gpulling manifest [K
pulling 60e05f210007:   7% ▕█                 ▏ 314 MB/4.7 GB  1.3 MB/s  57m17s[K[?25h[?2026l[?2026h[?25l[A[1Gpulling manifest [K
pulling 60e05f210007:   7% ▕█                 ▏ 314 MB/4.7 GB  1.3 MB/s  57m17s[K[?25h[?2026l[?2026h[?25l[A[1Gpulling manifest [K
pulling 60e05f210007:   7% ▕█                 ▏ 314 MB/4.7 GB  1.3 MB/s  57m17s[K[?25h[?2026l[?2026h[?25l[A[1Gpulling manifest [K
pulling 60e05f210007:   7% ▕█                 ▏ 314 MB/4.7 GB  1.3 MB/s  57m17s[K[?25h[?2026l[?2026h[?25l[A[1Gpulling manifest [K
pulling 60e05f210007:   7% ▕█                 ▏ 314 MB/4.7 GB  1.3 MB/s  57m17s[K[?25h[?2026l[?2026h[?25l[A[1Gpulling manifest [K
pulling 60e05f210007:   7% ▕█                 ▏ 315 MB/4.7 GB  1.3 MB/s  57m17s[K[?25h[?2026l[?2026h[?25l[A[1Gpulling manifest [K
pulling 60e05f210007:   7% ▕█                 ▏ 315 MB/4.7 GB  1.3 MB/s  57m17s[K[?25h[?2026l[?2026h[?25l[A[1Gpulling manifest [K
pulling 60e05f210007:   7% ▕█                 ▏ 315 MB/4.7 GB  1.3 MB/s  57m16s[K[?25h[?2026l[?2026h[?25l[A[1Gpulling manifest [K
pulling 60e05f210007:   7% ▕█                 ▏ 315 MB/4.7 GB  1.3 MB/s  57m16s[K[?25h[?2026l[?2026h[?25l[A[1Gpulling manifest [K
pulling 60e05f210007:   7% ▕█                 ▏ 315 MB/4.7 GB  1.3 MB/s  57m16s[K[?25h[?2026l[?2026h[?25l[A[1Gpulling manifest [K
pulling 60e05f210007:   7% ▕█                 ▏ 315 MB/4.7 GB  1.3 MB/s  56m26s[K[?25h[?2026l[?2026h[?25l[A[1Gpulling manifest [K
pulling 60e05f210007:   7% ▕█                 ▏ 315 MB/4.7 GB  1.3 MB/s  56m26s[K[?25h[?2026l[?2026h[?25l[A[1Gpulling manifest [K
pulling 60e05f210007:   7% ▕█                 ▏ 316 MB/4.7 GB  1.3 MB/s  56m26s[K[?25h[?2026l[?2026h[?25l[A[1Gpulling manifest [K
pulling 60e05f210007:   7% ▕█                 ▏ 316 MB/4.7 GB  1.3 MB/s  56m26s[K[?25h[?2026l[?2026h[?25l[A[1Gpulling manifest [K
pulling 60e05f210007:   7% ▕█                 ▏ 316 MB/4.7 GB  1.3 MB/s  56m26s[K[?25h[?2026l[?2026h[?25l[A[1Gpulling manifest [K
pulling 60e05f210007:   7% ▕█                 ▏ 316 MB/4.7 GB  1.3 MB/s  56m26s[K[?25h[?2026l[?2026h[?25l[A[1Gpulling manifest [K
pulling 60e05f210007:   7% ▕█                 ▏ 316 MB/4.7 GB  1.3 MB/s  56m26s[K[?25h[?2026l[?2026h[?25l[A[1Gpulling manifest [K
pulling 60e05f210007:   7% ▕█                 ▏ 316 MB/4.7 GB  1.3 MB/s  56m26s[K[?25h[?2026l[?2026h[?25l[A[1Gpulling manifest [K
pulling 60e05f210007:   7% ▕█                 ▏ 316 MB/4.7 GB  1.3 MB/s  56m26s[K[?25h[?2026l[?2026h[?25l[A[1Gpulling manifest [K
pulling 60e05f210007:   7% ▕█                 ▏ 317 MB/4.7 GB  1.3 MB/s  56m25s[K[?25h[?2026l[?2026h[?25l[A[1Gpulling manifest [K
pulling 60e05f210007:   7% ▕█                 ▏ 317 MB/4.7 GB  1.3 MB/s  56m43s[K[?25h[?2026l[?2026h[?25l[A[1Gpulling manifest [K
pulling 60e05f210007:   7% ▕█                 ▏ 317 MB/4.7 GB  1.3 MB/s  56m43s[K[?25h[?2026l[?2026h[?25l[A[1Gpulling manifest [K
pulling 60e05f210007:   7% ▕█                 ▏ 317 MB/4.7 GB  1.3 MB/s  56m43s[K[?25h[?2026l[?2026h[?25l[A[1Gpulling manifest [K
pulling 60e05f210007:   7% ▕█                 ▏ 317 MB/4.7 GB  1.3 MB/s  56m43s[K[?25h[?2026l[?2026h[?25l[A[1Gpulling manifest [K
pulling 60e05f210007:   7% ▕█                 ▏ 318 MB/4.7 GB  1.3 MB/s  56m43s[K[?25h[?2026l[?2026h[?25l[A[1Gpulling manifest [K
pulling 60e05f210007:   7% ▕█                 ▏ 318 MB/4.7 GB  1.3 MB/s  56m42s[K[?25h[?2026l[?2026h[?25l[A[1Gpulling manifest [K
pulling 60e05f210007:   7% ▕█                 ▏ 318 MB/4.7 GB  1.3 MB/s  56m42s[K[?25h[?2026l[?2026h[?25l[A[1Gpulling manifest [K
pulling 60e05f210007:   7% ▕█                 ▏ 318 MB/4.7 GB  1.3 MB/s  56m42s[K[?25h[?2026l[?2026h[?25l[A[1Gpulling manifest [K
pulling 60e05f210007:   7% ▕█                 ▏ 318 MB/4.7 GB  1.3 MB/s  56m42s[K[?25h[?2026l[?2026h[?25l[A[1Gpulling manifest [K
pulling 60e05f210007:   7% ▕█                 ▏ 319 MB/4.7 GB  1.3 MB/s  56m42s[K[?25h[?2026l[?2026h[?25l[A[1Gpulling manifest [K
pulling 60e05f210007:   7% ▕█                 ▏ 319 MB/4.7 GB  1.3 MB/s  56m42s[K[?25h[?2026l[?2026h[?25l[A[1Gpulling manifest [K
pulling 60e05f210007:   7% ▕█                 ▏ 319 MB/4.7 GB  1.7 MB/s  42m20s[K[?25h[?2026l[?2026h[?25l[A[1Gpulling manifest [K
pulling 60e05f210007:   7% ▕█                 ▏ 319 MB/4.7 GB  1.7 MB/s  42m20s[K[?25h[?2026l[?2026h[?25l[A[1Gpulling manifest [K
pulling 60e05f210007:   7% ▕█                 ▏ 319 MB/4.7 GB  1.7 MB/s  42m20s[K[?25h[?2026l[?2026h[?25l[A[1Gpulling manifest [K
pulling 60e05f210007:   7% ▕█                 ▏ 319 MB/4.7 GB  1.7 MB/s  42m20s[K[?25h[?2026l[?2026h[?25l[A[1Gpulling manifest [K
pulling 60e05f210007:   7% ▕█                 ▏ 320 MB/4.7 GB  1.7 MB/s  42m20s[K[?25h[?2026l[?2026h[?25l[A[1Gpulling manifest [K
pulling 60e05f210007:   7% ▕█                 ▏ 320 MB/4.7 GB  1.7 MB/s  42m19s[K[?25h[?2026l[?2026h[?25l[A[1Gpulling manifest [K
pulling 60e05f210007:   7% ▕█                 ▏ 320 MB/4.7 GB  1.7 MB/s  42m19s[K[?25h[?2026l[?2026h[?25l[A[1Gpulling manifest [K
pulling 60e05f210007:   7% ▕█                 ▏ 320 MB/4.7 GB  1.7 MB/s  42m19s[K[?25h[?2026l[?2026h[?25l[A[1Gpulling manifest [K
pulling 60e05f210007:   7% ▕█                 ▏ 320 MB/4.7 GB  1.7 MB/s  42m19s[K[?25h[?2026l[?2026h[?25l[A[1Gpulling manifest [K
pulling 60e05f210007:   7% ▕█                 ▏ 320 MB/4.7 GB  1.7 MB/s  42m19s[K[?25h[?2026l[?2026h[?25l[A[1Gpulling manifest [K
pulling 60e05f210007:   7% ▕█                 ▏ 321 MB/4.7 GB  1.7 MB/s   42m4s[K[?25h[?2026l[?2026h[?25l[A[1Gpulling manifest [K
pulling 60e05f210007:   7% ▕█                 ▏ 321 MB/4.7 GB  1.7 MB/s   42m4s[K[?25h[?2026l[?2026h[?25l[A[1Gpulling manifest [K
pulling 60e05f210007:   7% ▕█                 ▏ 321 MB/4.7 GB  1.7 MB/s   42m3s[K[?25h[?2026l[?2026h[?25l[A[1Gpulling manifest [K
pulling 60e05f210007:   7% ▕█                 ▏ 321 MB/4.7 GB  1.7 MB/s   42m3s[K[?25h[?2026l[?2026h[?25l[A[1Gpulling manifest [K
pulling 60e05f210007:   7% ▕█                 ▏ 321 MB/4.7 GB  1.7 MB/s   42m3s[K[?25h[?2026l[?2026h[?25l[A[1Gpulling manifest [K
pulling 60e05f210007:   7% ▕█                 ▏ 321 MB/4.7 GB  1.7 MB/s   42m3s[K[?25h[?2026l[?2026h[?25l[A[1Gpulling manifest [K
pulling 60e05f210007:   7% ▕█                 ▏ 322 MB/4.7 GB  1.7 MB/s   42m3s[K[?25h[?2026l[?2026h[?25l[A[1Gpulling manifest [K
pulling 60e05f210007:   7% ▕█                 ▏ 322 MB/4.7 GB  1.7 MB/s   42m3s[K[?25h[?2026l[?2026h[?25l[A[1Gpulling manifest [K
pulling 60e05f210007:   7% ▕█                 ▏ 322 MB/4.7 GB  1.7 MB/s   42m3s[K[?25h[?2026l[?2026h[?25l[A[1Gpulling manifest [K
pulling 60e05f210007:   7% ▕█                 ▏ 322 MB/4.7 GB  1.7 MB/s   42m3s[K[?25h[?2026l[?2026h[?25l[A[1Gpulling manifest [K
pulling 60e05f210007:   7% ▕█                 ▏ 322 MB/4.7 GB  1.7 MB/s  41m50s[K[?25h[?2026l[?2026h[?25l[A[1Gpulling manifest [K
pulling 60e05f210007:   7% ▕█                 ▏ 323 MB/4.7 GB  1.7 MB/s  41m50s[K[?25h[?2026l[?2026h[?25l[A[1Gpulling manifest [K
pulling 60e05f210007:   7% ▕█                 ▏ 323 MB/4.7 GB  1.7 MB/s  41m50s[K[?25h[?2026l[?2026h[?25l[A[1Gpulling manifest [K
pulling 60e05f210007:   7% ▕█                 ▏ 323 MB/4.7 GB  1.7 MB/s  41m50s[K[?25h[?2026l[?2026h[?25l[A[1Gpulling manifest [K
pulling 60e05f210007:   7% ▕█                 ▏ 323 MB/4.7 GB  1.7 MB/s  41m50s[K[?25h[?2026l[?2026h[?25l[A[1Gpulling manifest [K
pulling 60e05f210007:   7% ▕█                 ▏ 323 MB/4.7 GB  1.7 MB/s  41m50s[K[?25h[?2026l[?2026h[?25l[A[1Gpulling manifest [K
pulling 60e05f210007:   7% ▕█                 ▏ 323 MB/4.7 GB  1.7 MB/s  41m49s[K[?25h[?2026l[?2026h[?25l[A[1Gpulling manifest [K
pulling 60e05f210007:   7% ▕█                 ▏ 324 MB/4.7 GB  1.7 MB/s  41m49s[K[?25h[?2026l[?2026h[?25l[A[1Gpulling manifest [K
pulling 60e05f210007:   7% ▕█                 ▏ 324 MB/4.7 GB  1.7 MB/s  41m49s[K[?25h[?2026l[?2026h[?25l[A[1Gpulling manifest [K
pulling 60e05f210007:   7% ▕█                 ▏ 324 MB/4.7 GB  1.7 MB/s  41m49s[K[?25h[?2026l[?2026h[?25l[A[1Gpulling manifest [K
pulling 60e05f210007:   7% ▕█                 ▏ 324 MB/4.7 GB  1.7 MB/s  41m52s[K[?25h[?2026l[?2026h[?25l[A[1Gpulling manifest [K
pulling 60e05f210007:   7% ▕█                 ▏ 324 MB/4.7 GB  1.7 MB/s  41m52s[K[?25h[?2026l[?2026h[?25l[A[1Gpulling manifest [K
pulling 60e05f210007:   7% ▕█                 ▏ 324 MB/4.7 GB  1.7 MB/s  41m51s[K[?25h[?2026l[?2026h[?25l[A[1Gpulling manifest [K
pulling 60e05f210007:   7% ▕█                 ▏ 325 MB/4.7 GB  1.7 MB/s  41m51s[K[?25h[?2026l[?2026h[?25l[A[1Gpulling manifest [K
pulling 60e05f210007:   7% ▕█                 ▏ 325 MB/4.7 GB  1.7 MB/s  41m51s[K[?25h[?2026l[?2026h[?25l[A[1Gpulling manifest [K
pulling 60e05f210007:   7% ▕█                 ▏ 325 MB/4.7 GB  1.7 MB/s  41m51s[K[?25h[?2026l[?2026h[?25l[A[1Gpulling manifest [K
pulling 60e05f210007:   7% ▕█                 ▏ 325 MB/4.7 GB  1.7 MB/s  41m51s[K[?25h[?2026l[?2026h[?25l[A[1Gpulling manifest [K
pulling 60e05f210007:   7% ▕█                 ▏ 325 MB/4.7 GB  1.7 MB/s  41m51s[K[?25h[?2026l[?2026h[?25l[A[1Gpulling manifest [K
pulling 60e05f210007:   7% ▕█                 ▏ 325 MB/4.7 GB  1.7 MB/s  41m51s[K[?25h[?2026l[?2026h[?25l[A[1Gpulling manifest [K
pulling 60e05f210007:   7% ▕█                 ▏ 326 MB/4.7 GB  1.7 MB/s  41m51s[K[?25h[?2026l[?2026h[?25l[A[1Gpulling manifest [K
pulling 60e05f210007:   7% ▕█                 ▏ 326 MB/4.7 GB  1.8 MB/s  41m17s[K[?25h[?2026l[?2026h[?25l[A[1Gpulling manifest [K
pulling 60e05f210007:   7% ▕█                 ▏ 326 MB/4.7 GB  1.8 MB/s  41m17s[K[?25h[?2026l[?2026h[?25l[A[1Gpulling manifest [K
pulling 60e05f210007:   7% ▕█                 ▏ 326 MB/4.7 GB  1.8 MB/s  41m17s[K[?25h[?2026l[?2026h[?25l[A[1Gpulling manifest [K
pulling 60e05f210007:   7% ▕█                 ▏ 326 MB/4.7 GB  1.8 MB/s  41m17s[K[?25h[?2026l[?2026h[?25l[A[1Gpulling manifest [K
pulling 60e05f210007:   7% ▕█                 ▏ 326 MB/4.7 GB  1.8 MB/s  41m17s[K[?25h[?2026l[?2026h[?25l[A[1Gpulling manifest [K
pulling 60e05f210007:   7% ▕█                 ▏ 327 MB/4.7 GB  1.8 MB/s  41m17s[K[?25h[?2026l[?2026h[?25l[A[1Gpulling manifest [K
pulling 60e05f210007:   7% ▕█                 ▏ 327 MB/4.7 GB  1.8 MB/s  41m16s[K[?25h[?2026l[?2026h[?25l[A[1Gpulling manifest [K
pulling 60e05f210007:   7% ▕█                 ▏ 327 MB/4.7 GB  1.8 MB/s  41m16s[K[?25h[?2026l[?2026h[?25l[A[1Gpulling manifest [K
pulling 60e05f210007:   7% ▕█                 ▏ 327 MB/4.7 GB  1.8 MB/s  41m16s[K[?25h[?2026l[?2026h[?25l[A[1Gpulling manifest [K
pulling 60e05f210007:   7% ▕█                 ▏ 327 MB/4.7 GB  1.8 MB/s  41m16s[K[?25h[?2026l[?2026h[?25l[A[1Gpulling manifest [K
pulling 60e05f210007:   7% ▕█                 ▏ 328 MB/4.7 GB  1.8 MB/s  41m16s[K[?25h[?2026l[?2026h[?25l[A[1Gpulling manifest [K
pulling 60e05f210007:   7% ▕█                 ▏ 328 MB/4.7 GB  1.8 MB/s   41m6s[K[?25h[?2026l[?2026h[?25l[A[1Gpulling manifest [K
pulling 60e05f210007:   7% ▕█                 ▏ 328 MB/4.7 GB  1.8 MB/s   41m6s[K[?25h[?2026l[?2026h[?25l[A[1Gpulling manifest [K
pulling 60e05f210007:   7% ▕█                 ▏ 328 MB/4.7 GB  1.8 MB/s   41m6s[K[?25h[?2026l[?2026h[?25l[A[1Gpulling manifest [K
pulling 60e05f210007:   7% ▕█                 ▏ 328 MB/4.7 GB  1.8 MB/s   41m6s[K[?25h[?2026l[?2026h[?25l[A[1Gpulling manifest [K
pulling 60e05f210007:   7% ▕█                 ▏ 329 MB/4.7 GB  1.8 MB/s   41m5s[K[?25h[?2026l[?2026h[?25l[A[1Gpulling manifest [K
pulling 60e05f210007:   7% ▕█                 ▏ 329 MB/4.7 GB  1.8 MB/s   41m5s[K[?25h[?2026l[?2026h[?25l[A[1Gpulling manifest [K
pulling 60e05f210007:   7% ▕█                 ▏ 329 MB/4.7 GB  1.8 MB/s   41m5s[K[?25h[?2026l[?2026h[?25l[A[1Gpulling manifest [K
pulling 60e05f210007:   7% ▕█                 ▏ 329 MB/4.7 GB  1.8 MB/s   41m5s[K[?25h[?2026l[?2026h[?25l[A[1Gpulling manifest [K
pulling 60e05f210007:   7% ▕█                 ▏ 329 MB/4.7 GB  1.8 MB/s   41m5s[K[?25h[?2026l[?2026h[?25l[A[1Gpulling manifest [K
pulling 60e05f210007:   7% ▕█                 ▏ 329 MB/4.7 GB  1.8 MB/s   41m5s[K[?25h[?2026l[?2026h[?25l[A[1Gpulling manifest [K
pulling 60e05f210007:   7% ▕█                 ▏ 330 MB/4.7 GB  1.8 MB/s   41m7s[K[?25h[?2026l[?2026h[?25l[A[1Gpulling manifest [K
pulling 60e05f210007:   7% ▕█                 ▏ 330 MB/4.7 GB  1.8 MB/s   41m7s[K[?25h[?2026l[?2026h[?25l[A[1Gpulling manifest [K
pulling 60e05f210007:   7% ▕█                 ▏ 330 MB/4.7 GB  1.8 MB/s   41m6s[K[?25h[?2026l[?2026h[?25l[A[1Gpulling manifest [K
pulling 60e05f210007:   7% ▕█                 ▏ 330 MB/4.7 GB  1.8 MB/s   41m6s[K[?25h[?2026l[?2026h[?25l[A[1Gpulling manifest [K
pulling 60e05f210007:   7% ▕█                 ▏ 330 MB/4.7 GB  1.8 MB/s   41m6s[K[?25h[?2026l[?2026h[?25l[A[1Gpulling manifest [K
pulling 60e05f210007:   7% ▕█                 ▏ 330 MB/4.7 GB  1.8 MB/s   41m6s[K[?25h[?2026l[?2026h[?25l[A[1Gpulling manifest [K
pulling 60e05f210007:   7% ▕█                 ▏ 331 MB/4.7 GB  1.8 MB/s   41m6s[K[?25h[?2026l[?2026h[?25l[A[1Gpulling manifest [K
pulling 60e05f210007:   7% ▕█                 ▏ 331 MB/4.7 GB  1.8 MB/s   41m6s[K[?25h[?2026l[?2026h[?25l[A[1Gpulling manifest [K
pulling 60e05f210007:   7% ▕█                 ▏ 331 MB/4.7 GB  1.8 MB/s   41m6s[K[?25h[?2026l[?2026h[?25l[A[1Gpulling manifest [K
pulling 60e05f210007:   7% ▕█                 ▏ 331 MB/4.7 GB  1.8 MB/s   41m6s[K[?25h[?2026l[?2026h[?25l[A[1Gpulling manifest [K
pulling 60e05f210007:   7% ▕█                 ▏ 331 MB/4.7 GB  1.8 MB/s  41m11s[K[?25h[?2026l[?2026h[?25l[A[1Gpulling manifest [K
pulling 60e05f210007:   7% ▕█                 ▏ 331 MB/4.7 GB  1.8 MB/s  41m11s[K[?25h[?2026l[?2026h[?25l[A[1Gpulling manifest [K
pulling 60e05f210007:   7% ▕█                 ▏ 332 MB/4.7 GB  1.8 MB/s  41m11s[K[?25h[?2026l[?2026h[?25l[A[1Gpulling manifest [K
pulling 60e05f210007:   7% ▕█                 ▏ 332 MB/4.7 GB  1.8 MB/s  41m10s[K[?25h[?2026l[?2026h[?25l[A[1Gpulling manifest [K
pulling 60e05f210007:   7% ▕█                 ▏ 332 MB/4.7 GB  1.8 MB/s  41m10s[K[?25h[?2026l[?2026h[?25l[A[1Gpulling manifest [K
pulling 60e05f210007:   7% ▕█                 ▏ 332 MB/4.7 GB  1.8 MB/s  41m10s[K[?25h[?2026l[?2026h[?25l[A[1Gpulling manifest [K
pulling 60e05f210007:   7% ▕█                 ▏ 332 MB/4.7 GB  1.8 MB/s  41m10s[K[?25h[?2026l[?2026h[?25l[A[1Gpulling manifest [K
pulling 60e05f210007:   7% ▕█                 ▏ 332 MB/4.7 GB  1.8 MB/s  41m10s[K[?25h[?2026l[?2026h[?25l[A[1Gpulling manifest [K
pulling 60e05f210007:   7% ▕█                 ▏ 333 MB/4.7 GB  1.8 MB/s  41m10s[K[?25h[?2026l[?2026h[?25l[A[1Gpulling manifest [K
pulling 60e05f210007:   7% ▕█                 ▏ 333 MB/4.7 GB  1.8 MB/s  41m10s[K[?25h[?2026l[?2026h[?25l[A[1Gpulling manifest [K
pulling 60e05f210007:   7% ▕█                 ▏ 333 MB/4.7 GB  1.8 MB/s  40m33s[K[?25h[?2026l[?2026h[?25l[A[1Gpulling manifest [K
pulling 60e05f210007:   7% ▕█                 ▏ 333 MB/4.7 GB  1.8 MB/s  40m33s[K[?25h[?2026l[?2026h[?25l[A[1Gpulling manifest [K
pulling 60e05f210007:   7% ▕█                 ▏ 333 MB/4.7 GB  1.8 MB/s  40m32s[K[?25h[?2026l[?2026h[?25l[A[1Gpulling manifest [K
pulling 60e05f210007:   7% ▕█                 ▏ 334 MB/4.7 GB  1.8 MB/s  40m32s[K[?25h[?2026l[?2026h[?25l[A[1Gpulling manifest [K
pulling 60e05f210007:   7% ▕█                 ▏ 334 MB/4.7 GB  1.8 MB/s  40m32s[K[?25h[?2026l[?2026h[?25l[A[1Gpulling manifest [K
pulling 60e05f210007:   7% ▕█                 ▏ 334 MB/4.7 GB  1.8 MB/s  40m32s[K[?25h[?2026l[?2026h[?25l[A[1Gpulling manifest [K
pulling 60e05f210007:   7% ▕█                 ▏ 334 MB/4.7 GB  1.8 MB/s  40m32s[K[?25h[?2026l[?2026h[?25l[A[1Gpulling manifest [K
pulling 60e05f210007:   7% ▕█                 ▏ 334 MB/4.7 GB  1.8 MB/s  40m32s[K[?25h[?2026l[?2026h[?25l[A[1Gpulling manifest [K
pulling 60e05f210007:   7% ▕█                 ▏ 334 MB/4.7 GB  1.8 MB/s  40m32s[K[?25h[?2026l[?2026h[?25l[A[1Gpulling manifest [K
pulling 60e05f210007:   7% ▕█                 ▏ 335 MB/4.7 GB  1.8 MB/s  40m32s[K[?25h[?2026l[?2026h[?25l[A[1Gpulling manifest [K
pulling 60e05f210007:   7% ▕█                 ▏ 335 MB/4.7 GB  1.8 MB/s  40m39s[K[?25h[?2026l[?2026h[?25l[A[1Gpulling manifest [K
pulling 60e05f210007:   7% ▕█                 ▏ 335 MB/4.7 GB  1.8 MB/s  40m39s[K[?25h[?2026l[?2026h[?25l[A[1Gpulling manifest [K
pulling 60e05f210007:   7% ▕█                 ▏ 335 MB/4.7 GB  1.8 MB/s  40m39s[K[?25h[?2026l[?2026h[?25l[A[1Gpulling manifest [K
pulling 60e05f210007:   7% ▕█                 ▏ 335 MB/4.7 GB  1.8 MB/s  40m39s[K[?25h[?2026l[?2026h[?25l[A[1Gpulling manifest [K
pulling 60e05f210007:   7% ▕█                 ▏ 335 MB/4.7 GB  1.8 MB/s  40m39s[K[?25h[?2026l[?2026h[?25l[A[1Gpulling manifest [K
pulling 60e05f210007:   7% ▕█                 ▏ 336 MB/4.7 GB  1.8 MB/s  40m39s[K[?25h[?2026l[?2026h[?25l[A[1Gpulling manifest [K
pulling 60e05f210007:   7% ▕█                 ▏ 336 MB/4.7 GB  1.8 MB/s  40m38s[K[?25h[?2026l[?2026h[?25l[A[1Gpulling manifest [K
pulling 60e05f210007:   7% ▕█                 ▏ 336 MB/4.7 GB  1.8 MB/s  40m38s[K[?25h[?2026l[?2026h[?25l[A[1Gpulling manifest [K
pulling 60e05f210007:   7% ▕█                 ▏ 336 MB/4.7 GB  1.8 MB/s  40m38s[K[?25h[?2026l[?2026h[?25l[A[1Gpulling manifest [K
pulling 60e05f210007:   7% ▕█                 ▏ 336 MB/4.7 GB  1.8 MB/s  40m38s[K[?25h[?2026l[?2026h[?25l[A[1Gpulling manifest [K
pulling 60e05f210007:   7% ▕█                 ▏ 336 MB/4.7 GB  1.8 MB/s  40m38s[K[?25h[?2026l[?2026h[?25l[A[1Gpulling manifest [K
pulling 60e05f210007:   7% ▕█                 ▏ 337 MB/4.7 GB  1.8 MB/s  40m21s[K[?25h[?2026l[?2026h[?25l[A[1Gpulling manifest [K
pulling 60e05f210007:   7% ▕█                 ▏ 337 MB/4.7 GB  1.8 MB/s  40m21s[K[?25h[?2026l[?2026h[?25l[A[1Gpulling manifest [K
pulling 60e05f210007:   7% ▕█                 ▏ 337 MB/4.7 GB  1.8 MB/s  40m21s[K[?25h[?2026l[?2026h[?25l[A[1Gpulling manifest [K
pulling 60e05f210007:   7% ▕█                 ▏ 337 MB/4.7 GB  1.8 MB/s  40m21s[K[?25h[?2026l[?2026h[?25l[A[1Gpulling manifest [K
pulling 60e05f210007:   7% ▕█                 ▏ 337 MB/4.7 GB  1.8 MB/s  40m21s[K[?25h[?2026l[?2026h[?25l[A[1Gpulling manifest [K
pulling 60e05f210007:   7% ▕█                 ▏ 338 MB/4.7 GB  1.8 MB/s  40m21s[K[?25h[?2026l[?2026h[?25l[A[1Gpulling manifest [K
pulling 60e05f210007:   7% ▕█                 ▏ 338 MB/4.7 GB  1.8 MB/s  40m21s[K[?25h[?2026l[?2026h[?25l[A[1Gpulling manifest [K
pulling 60e05f210007:   7% ▕█                 ▏ 338 MB/4.7 GB  1.8 MB/s  40m21s[K[?25h[?2026l[?2026h[?25l[A[1Gpulling manifest [K
pulling 60e05f210007:   7% ▕█                 ▏ 338 MB/4.7 GB  1.8 MB/s  40m21s[K[?25h[?2026l[?2026h[?25l[A[1Gpulling manifest [K
pulling 60e05f210007:   7% ▕█                 ▏ 338 MB/4.7 GB  1.8 MB/s  40m21s[K[?25h[?2026l[?2026h[?25l[A[1Gpulling manifest [K
pulling 60e05f210007:   7% ▕█                 ▏ 338 MB/4.7 GB  1.8 MB/s  40m21s[K[?25h[?2026l[?2026h[?25l[A[1Gpulling manifest [K
pulling 60e05f210007:   7% ▕█                 ▏ 338 MB/4.7 GB  1.8 MB/s  40m21s[K[?25h[?2026l[?2026h[?25l[A[1Gpulling manifest [K
pulling 60e05f210007:   7% ▕█                 ▏ 339 MB/4.7 GB  1.8 MB/s  40m21s[K[?25h[?2026l[?2026h[?25l[A[1Gpulling manifest [K
pulling 60e05f210007:   7% ▕█                 ▏ 339 MB/4.7 GB  1.8 MB/s  40m21s[K[?25h[?2026l[?2026h[?25l[A[1Gpulling manifest [K
pulling 60e05f210007:   7% ▕█                 ▏ 339 MB/4.7 GB  1.8 MB/s  40m21s[K[?25h[?2026l[?2026h[?25l[A[1Gpulling manifest [K
pulling 60e05f210007:   7% ▕█                 ▏ 339 MB/4.7 GB  1.8 MB/s  40m21s[K[?25h[?2026l[?2026h[?25l[A[1Gpulling manifest [K
pulling 60e05f210007:   7% ▕█                 ▏ 339 MB/4.7 GB  1.8 MB/s  40m20s[K[?25h[?2026l[?2026h[?25l[A[1Gpulling manifest [K
pulling 60e05f210007:   7% ▕█                 ▏ 340 MB/4.7 GB  1.8 MB/s  40m20s[K[?25h[?2026l[?2026h[?25l[A[1Gpulling manifest [K
pulling 60e05f210007:   7% ▕█                 ▏ 340 MB/4.7 GB  1.8 MB/s  40m20s[K[?25h[?2026l[?2026h[?25l[A[1Gpulling manifest [K
pulling 60e05f210007:   7% ▕█                 ▏ 340 MB/4.7 GB  1.8 MB/s  40m20s[K[?25h[?2026l[?2026h[?25l[A[1Gpulling manifest [K
pulling 60e05f210007:   7% ▕█                 ▏ 340 MB/4.7 GB  1.8 MB/s  40m37s[K[?25h[?2026l[?2026h[?25l[A[1Gpulling manifest [K
pulling 60e05f210007:   7% ▕█                 ▏ 340 MB/4.7 GB  1.8 MB/s  40m37s[K[?25h[?2026l[?2026h[?25l[A[1Gpulling manifest [K
pulling 60e05f210007:   7% ▕█                 ▏ 340 MB/4.7 GB  1.8 MB/s  40m37s[K[?25h[?2026l[?2026h[?25l[A[1Gpulling manifest [K
pulling 60e05f210007:   7% ▕█                 ▏ 341 MB/4.7 GB  1.8 MB/s  40m37s[K[?25h[?2026l[?2026h[?25l[A[1Gpulling manifest [K
pulling 60e05f210007:   7% ▕█                 ▏ 341 MB/4.7 GB  1.8 MB/s  40m37s[K[?25h[?2026l[?2026h[?25l[A[1Gpulling manifest [K
pulling 60e05f210007:   7% ▕█                 ▏ 341 MB/4.7 GB  1.8 MB/s  40m37s[K[?25h[?2026l[?2026h[?25l[A[1Gpulling manifest [K
pulling 60e05f210007:   7% ▕█                 ▏ 341 MB/4.7 GB  1.8 MB/s  40m37s[K[?25h[?2026l[?2026h[?25l[A[1Gpulling manifest [K
pulling 60e05f210007:   7% ▕█                 ▏ 341 MB/4.7 GB  1.8 MB/s  40m37s[K[?25h[?2026l[?2026h[?25l[A[1Gpulling manifest [K
pulling 60e05f210007:   7% ▕█                 ▏ 342 MB/4.7 GB  1.8 MB/s  40m36s[K[?25h[?2026l[?2026h[?25l[A[1Gpulling manifest [K
pulling 60e05f210007:   7% ▕█                 ▏ 342 MB/4.7 GB  1.8 MB/s  40m36s[K[?25h[?2026l[?2026h[?25l[A[1Gpulling manifest [K
pulling 60e05f210007:   7% ▕█                 ▏ 342 MB/4.7 GB  1.8 MB/s  40m39s[K[?25h[?2026l[?2026h[?25l[A[1Gpulling manifest [K
pulling 60e05f210007:   7% ▕█                 ▏ 342 MB/4.7 GB  1.8 MB/s  40m39s[K[?25h[?2026l[?2026h[?25l[A[1Gpulling manifest [K
pulling 60e05f210007:   7% ▕█                 ▏ 342 MB/4.7 GB  1.8 MB/s  40m39s[K[?25h[?2026l[?2026h[?25l[A[1Gpulling manifest [K
pulling 60e05f210007:   7% ▕█                 ▏ 342 MB/4.7 GB  1.8 MB/s  40m39s[K[?25h[?2026l[?2026h[?25l[A[1Gpulling manifest [K
pulling 60e05f210007:   7% ▕█                 ▏ 343 MB/4.7 GB  1.8 MB/s  40m39s[K[?25h[?2026l[?2026h[?25l[A[1Gpulling manifest [K
pulling 60e05f210007:   7% ▕█                 ▏ 343 MB/4.7 GB  1.8 MB/s  40m39s[K[?25h[?2026l[?2026h[?25l[A[1Gpulling manifest [K
pulling 60e05f210007:   7% ▕█                 ▏ 343 MB/4.7 GB  1.8 MB/s  40m38s[K[?25h[?2026l[?2026h[?25l[A[1Gpulling manifest [K
pulling 60e05f210007:   7% ▕█                 ▏ 343 MB/4.7 GB  1.8 MB/s  40m38s[K[?25h[?2026l[?2026h[?25l[A[1Gpulling manifest [K
pulling 60e05f210007:   7% ▕█                 ▏ 343 MB/4.7 GB  1.8 MB/s  40m38s[K[?25h[?2026l[?2026h[?25l[A[1Gpulling manifest [K
pulling 60e05f210007:   7% ▕█                 ▏ 343 MB/4.7 GB  1.8 MB/s  40m38s[K[?25h[?2026l[?2026h[?25l[A[1Gpulling manifest [K
pulling 60e05f210007:   7% ▕█                 ▏ 344 MB/4.7 GB  1.8 MB/s  40m46s[K[?25h[?2026l[?2026h[?25l[A[1Gpulling manifest [K
pulling 60e05f210007:   7% ▕█                 ▏ 344 MB/4.7 GB  1.8 MB/s  40m46s[K[?25h[?2026l[?2026h[?25l[A[1Gpulling manifest [K
pulling 60e05f210007:   7% ▕█                 ▏ 344 MB/4.7 GB  1.8 MB/s  40m46s[K[?25h[?2026l[?2026h[?25l[A[1Gpulling manifest [K
pulling 60e05f210007:   7% ▕█                 ▏ 344 MB/4.7 GB  1.8 MB/s  40m46s[K[?25h[?2026l[?2026h[?25l[A[1Gpulling manifest [K
pulling 60e05f210007:   7% ▕█                 ▏ 344 MB/4.7 GB  1.8 MB/s  40m46s[K[?25h[?2026l[?2026h[?25l[A[1Gpulling manifest [K
pulling 60e05f210007:   7% ▕█                 ▏ 344 MB/4.7 GB  1.8 MB/s  40m46s[K[?25h[?2026l[?2026h[?25l[A[1Gpulling manifest [K
pulling 60e05f210007:   7% ▕█                 ▏ 345 MB/4.7 GB  1.8 MB/s  40m45s[K[?25h[?2026l[?2026h[?25l[A[1Gpulling manifest [K
pulling 60e05f210007:   7% ▕█                 ▏ 345 MB/4.7 GB  1.8 MB/s  40m45s[K[?25h[?2026l[?2026h[?25l[A[1Gpulling manifest [K
pulling 60e05f210007:   7% ▕█                 ▏ 345 MB/4.7 GB  1.8 MB/s  40m45s[K[?25h[?2026l[?2026h[?25l[A[1Gpulling manifest [K
pulling 60e05f210007:   7% ▕█                 ▏ 345 MB/4.7 GB  1.8 MB/s  40m45s[K[?25h[?2026l[?2026h[?25l[A[1Gpulling manifest [K
pulling 60e05f210007:   7% ▕█                 ▏ 345 MB/4.7 GB  1.8 MB/s  40m45s[K[?25h[?2026l[?2026h[?25l[A[1Gpulling manifest [K
pulling 60e05f210007:   7% ▕█                 ▏ 345 MB/4.7 GB  1.8 MB/s  41m10s[K[?25h[?2026l[?2026h[?25l[A[1Gpulling manifest [K
pulling 60e05f210007:   7% ▕█                 ▏ 346 MB/4.7 GB  1.8 MB/s  41m10s[K[?25h[?2026l[?2026h[?25l[A[1Gpulling manifest [K
pulling 60e05f210007:   7% ▕█                 ▏ 346 MB/4.7 GB  1.8 MB/s  41m10s[K[?25h[?2026l[?2026h[?25l[A[1Gpulling manifest [K
pulling 60e05f210007:   7% ▕█                 ▏ 346 MB/4.7 GB  1.8 MB/s   41m9s[K[?25h[?2026l[?2026h[?25l[A[1Gpulling manifest [K
pulling 60e05f210007:   7% ▕█                 ▏ 346 MB/4.7 GB  1.8 MB/s   41m9s[K[?25h[?2026l[?2026h[?25l[A[1Gpulling manifest [K
pulling 60e05f210007:   7% ▕█                 ▏ 346 MB/4.7 GB  1.8 MB/s   41m9s[K[?25h[?2026l[?2026h[?25l[A[1Gpulling manifest [K
pulling 60e05f210007:   7% ▕█                 ▏ 346 MB/4.7 GB  1.8 MB/s   41m9s[K[?25h[?2026l[?2026h[?25l[A[1Gpulling manifest [K
pulling 60e05f210007:   7% ▕█                 ▏ 347 MB/4.7 GB  1.8 MB/s   41m9s[K[?25h[?2026l[?2026h[?25l[A[1Gpulling manifest [K
pulling 60e05f210007:   7% ▕█                 ▏ 347 MB/4.7 GB  1.8 MB/s   41m9s[K[?25h[?2026l[?2026h[?25l[A[1Gpulling manifest [K
pulling 60e05f210007:   7% ▕█                 ▏ 347 MB/4.7 GB  1.8 MB/s   41m9s[K[?25h[?2026l[?2026h[?25l[A[1Gpulling manifest [K
pulling 60e05f210007:   7% ▕█                 ▏ 347 MB/4.7 GB  1.8 MB/s  40m59s[K[?25h[?2026l[?2026h[?25l[A[1Gpulling manifest [K
pulling 60e05f210007:   7% ▕█                 ▏ 347 MB/4.7 GB  1.8 MB/s  40m59s[K[?25h[?2026l[?2026h[?25l[A[1Gpulling manifest [K
pulling 60e05f210007:   7% ▕█                 ▏ 348 MB/4.7 GB  1.8 MB/s  40m59s[K[?25h[?2026l[?2026h[?25l[A[1Gpulling manifest [K
pulling 60e05f210007:   7% ▕█                 ▏ 348 MB/4.7 GB  1.8 MB/s  40m59s[K[?25h[?2026l[?2026h[?25l[A[1Gpulling manifest [K
pulling 60e05f210007:   7% ▕█                 ▏ 348 MB/4.7 GB  1.8 MB/s  40m59s[K[?25h[?2026l[?2026h[?25l[A[1Gpulling manifest [K
pulling 60e05f210007:   7% ▕█                 ▏ 348 MB/4.7 GB  1.8 MB/s  40m59s[K[?25h[?2026l[?2026h[?25l[A[1Gpulling manifest [K
pulling 60e05f210007:   7% ▕█                 ▏ 348 MB/4.7 GB  1.8 MB/s  40m59s[K[?25h[?2026l[?2026h[?25l[A[1Gpulling manifest [K
pulling 60e05f210007:   7% ▕█                 ▏ 348 MB/4.7 GB  1.8 MB/s  40m58s[K[?25h[?2026l[?2026h[?25l[A[1Gpulling manifest [K
pulling 60e05f210007:   7% ▕█                 ▏ 348 MB/4.7 GB  1.8 MB/s  40m58s[K[?25h[?2026l[?2026h[?25l[A[1Gpulling manifest [K
pulling 60e05f210007:   7% ▕█                 ▏ 349 MB/4.7 GB  1.8 MB/s  40m58s[K[?25h[?2026l[?2026h[?25l[A[1Gpulling manifest [K
pulling 60e05f210007:   7% ▕█                 ▏ 349 MB/4.7 GB  1.8 MB/s  41m15s[K[?25h[?2026l[?2026h[?25l[A[1Gpulling manifest [K
pulling 60e05f210007:   7% ▕█                 ▏ 349 MB/4.7 GB  1.8 MB/s  41m15s[K[?25h[?2026l[?2026h[?25l[A[1Gpulling manifest [K
pulling 60e05f210007:   7% ▕█                 ▏ 349 MB/4.7 GB  1.8 MB/s  41m15s[K[?25h[?2026l[?2026h[?25l[A[1Gpulling manifest [K
pulling 60e05f210007:   7% ▕█                 ▏ 349 MB/4.7 GB  1.8 MB/s  41m15s[K[?25h[?2026l[?2026h[?25l[A[1Gpulling manifest [K
pulling 60e05f210007:   7% ▕█                 ▏ 349 MB/4.7 GB  1.8 MB/s  41m15s[K[?25h[?2026l[?2026h[?25l[A[1Gpulling manifest [K
pulling 60e05f210007:   7% ▕█                 ▏ 350 MB/4.7 GB  1.8 MB/s  41m14s[K[?25h[?2026l[?2026h[?25l[A[1Gpulling manifest [K
pulling 60e05f210007:   7% ▕█                 ▏ 350 MB/4.7 GB  1.8 MB/s  41m14s[K[?25h[?2026l[?2026h[?25l[A[1Gpulling manifest [K
pulling 60e05f210007:   7% ▕█                 ▏ 350 MB/4.7 GB  1.8 MB/s  41m14s[K[?25h[?2026l[?2026h[?25l[A[1Gpulling manifest [K
pulling 60e05f210007:   7% ▕█                 ▏ 350 MB/4.7 GB  1.8 MB/s  41m14s[K[?25h[?2026l[?2026h[?25l[A[1Gpulling manifest [K
pulling 60e05f210007:   7% ▕█                 ▏ 350 MB/4.7 GB  1.8 MB/s  41m14s[K[?25h[?2026l[?2026h[?25l[A[1Gpulling manifest [K
pulling 60e05f210007:   7% ▕█                 ▏ 350 MB/4.7 GB  1.7 MB/s  41m27s[K[?25h[?2026l[?2026h[?25l[A[1Gpulling manifest [K
pulling 60e05f210007:   7% ▕█                 ▏ 351 MB/4.7 GB  1.7 MB/s  41m27s[K[?25h[?2026l[?2026h[?25l[A[1Gpulling manifest [K
pulling 60e05f210007:   7% ▕█                 ▏ 351 MB/4.7 GB  1.7 MB/s  41m27s[K[?25h[?2026l[?2026h[?25l[A[1Gpulling manifest [K
pulling 60e05f210007:   8% ▕█                 ▏ 351 MB/4.7 GB  1.7 MB/s  41m27s[K[?25h[?2026l[?2026h[?25l[A[1Gpulling manifest [K
pulling 60e05f210007:   8% ▕█                 ▏ 351 MB/4.7 GB  1.7 MB/s  41m27s[K[?25h[?2026l[?2026h[?25l[A[1Gpulling manifest [K
pulling 60e05f210007:   8% ▕█                 ▏ 351 MB/4.7 GB  1.7 MB/s  41m26s[K[?25h[?2026l[?2026h[?25l[A[1Gpulling manifest [K
pulling 60e05f210007:   8% ▕█                 ▏ 352 MB/4.7 GB  1.7 MB/s  41m26s[K[?25h[?2026l[?2026h[?25l[A[1Gpulling manifest [K
pulling 60e05f210007:   8% ▕█                 ▏ 352 MB/4.7 GB  1.7 MB/s  41m26s[K[?25h[?2026l[?2026h[?25l[A[1Gpulling manifest [K
pulling 60e05f210007:   8% ▕█                 ▏ 352 MB/4.7 GB  1.7 MB/s  41m26s[K[?25h[?2026l[?2026h[?25l[A[1Gpulling manifest [K
pulling 60e05f210007:   8% ▕█                 ▏ 352 MB/4.7 GB  1.7 MB/s  41m26s[K[?25h[?2026l[?2026h[?25l[A[1Gpulling manifest [K
pulling 60e05f210007:   8% ▕█                 ▏ 352 MB/4.7 GB  1.7 MB/s  41m23s[K[?25h[?2026l[?2026h[?25l[A[1Gpulling manifest [K
pulling 60e05f210007:   8% ▕█                 ▏ 352 MB/4.7 GB  1.7 MB/s  41m23s[K[?25h[?2026l[?2026h[?25l[A[1Gpulling manifest [K
pulling 60e05f210007:   8% ▕█                 ▏ 353 MB/4.7 GB  1.7 MB/s  41m23s[K[?25h[?2026l[?2026h[?25l[A[1Gpulling manifest [K
pulling 60e05f210007:   8% ▕█                 ▏ 353 MB/4.7 GB  1.7 MB/s  41m23s[K[?25h[?2026l[?2026h[?25l[A[1Gpulling manifest [K
pulling 60e05f210007:   8% ▕█                 ▏ 353 MB/4.7 GB  1.7 MB/s  41m23s[K[?25h[?2026l[?2026h[?25l[A[1Gpulling manifest [K
pulling 60e05f210007:   8% ▕█                 ▏ 353 MB/4.7 GB  1.7 MB/s  41m23s[K[?25h[?2026l[?2026h[?25l[A[1Gpulling manifest [K
pulling 60e05f210007:   8% ▕█                 ▏ 353 MB/4.7 GB  1.7 MB/s  41m23s[K[?25h[?2026l[?2026h[?25l[A[1Gpulling manifest [K
pulling 60e05f210007:   8% ▕█                 ▏ 353 MB/4.7 GB  1.7 MB/s  41m23s[K[?25h[?2026l[?2026h[?25l[A[1Gpulling manifest [K
pulling 60e05f210007:   8% ▕█                 ▏ 354 MB/4.7 GB  1.7 MB/s  41m22s[K[?25h[?2026l[?2026h[?25l[A[1Gpulling manifest [K
pulling 60e05f210007:   8% ▕█                 ▏ 354 MB/4.7 GB  1.7 MB/s  41m22s[K[?25h[?2026l[?2026h[?25l[A[1Gpulling manifest [K
pulling 60e05f210007:   8% ▕█                 ▏ 354 MB/4.7 GB  1.7 MB/s  41m22s[K[?25h[?2026l[?2026h[?25l[A[1Gpulling manifest [K
pulling 60e05f210007:   8% ▕█                 ▏ 354 MB/4.7 GB  1.7 MB/s  41m23s[K[?25h[?2026l[?2026h[?25l[A[1Gpulling manifest [K
pulling 60e05f210007:   8% ▕█                 ▏ 354 MB/4.7 GB  1.7 MB/s  41m23s[K[?25h[?2026l[?2026h[?25l[A[1Gpulling manifest [K
pulling 60e05f210007:   8% ▕█                 ▏ 354 MB/4.7 GB  1.7 MB/s  41m23s[K[?25h[?2026l[?2026h[?25l[A[1Gpulling manifest [K
pulling 60e05f210007:   8% ▕█                 ▏ 355 MB/4.7 GB  1.7 MB/s  41m22s[K[?25h[?2026l[?2026h[?25l[A[1Gpulling manifest [K
pulling 60e05f210007:   8% ▕█                 ▏ 355 MB/4.7 GB  1.7 MB/s  41m22s[K[?25h[?2026l[?2026h[?25l[A[1Gpulling manifest [K
pulling 60e05f210007:   8% ▕█                 ▏ 355 MB/4.7 GB  1.7 MB/s  41m22s[K[?25h[?2026l[?2026h[?25l[A[1Gpulling manifest [K
pulling 60e05f210007:   8% ▕█                 ▏ 355 MB/4.7 GB  1.7 MB/s  41m22s[K[?25h[?2026l[?2026h[?25l[A[1Gpulling manifest [K
pulling 60e05f210007:   8% ▕█                 ▏ 355 MB/4.7 GB  1.7 MB/s  41m22s[K[?25h[?2026l[?2026h[?25l[A[1Gpulling manifest [K
pulling 60e05f210007:   8% ▕█                 ▏ 356 MB/4.7 GB  1.7 MB/s  41m22s[K[?25h[?2026l[?2026h[?25l[A[1Gpulling manifest [K
pulling 60e05f210007:   8% ▕█                 ▏ 356 MB/4.7 GB  1.7 MB/s  41m22s[K[?25h[?2026l[?2026h[?25l[A[1Gpulling manifest [K
pulling 60e05f210007:   8% ▕█                 ▏ 356 MB/4.7 GB  1.8 MB/s   41m9s[K[?25h[?2026l[?2026h[?25l[A[1Gpulling manifest [K
pulling 60e05f210007:   8% ▕█                 ▏ 356 MB/4.7 GB  1.8 MB/s   41m9s[K[?25h[?2026l[?2026h[?25l[A[1Gpulling manifest [K
pulling 60e05f210007:   8% ▕█                 ▏ 356 MB/4.7 GB  1.8 MB/s   41m9s[K[?25h[?2026l[?2026h[?25l[A[1Gpulling manifest [K
pulling 60e05f210007:   8% ▕█                 ▏ 356 MB/4.7 GB  1.8 MB/s   41m9s[K[?25h[?2026l[?2026h[?25l[A[1Gpulling manifest [K
pulling 60e05f210007:   8% ▕█                 ▏ 357 MB/4.7 GB  1.8 MB/s   41m9s[K[?25h[?2026l[?2026h[?25l[A[1Gpulling manifest [K
pulling 60e05f210007:   8% ▕█                 ▏ 357 MB/4.7 GB  1.8 MB/s   41m8s[K[?25h[?2026l[?2026h[?25l[A[1Gpulling manifest [K
pulling 60e05f210007:   8% ▕█                 ▏ 357 MB/4.7 GB  1.8 MB/s   41m8s[K[?25h[?2026l[?2026h[?25l[A[1Gpulling manifest [K
pulling 60e05f210007:   8% ▕█                 ▏ 357 MB/4.7 GB  1.8 MB/s   41m8s[K[?25h[?2026l[?2026h[?25l[A[1Gpulling manifest [K
pulling 60e05f210007:   8% ▕█                 ▏ 357 MB/4.7 GB  1.8 MB/s   41m8s[K[?25h[?2026l[?2026h[?25l[A[1Gpulling manifest [K
pulling 60e05f210007:   8% ▕█                 ▏ 358 MB/4.7 GB  1.8 MB/s   41m8s[K[?25h[?2026l[?2026h[?25l[A[1Gpulling manifest [K
pulling 60e05f210007:   8% ▕█                 ▏ 358 MB/4.7 GB  1.8 MB/s  41m10s[K[?25h[?2026l[?2026h[?25l[A[1Gpulling manifest [K
pulling 60e05f210007:   8% ▕█                 ▏ 358 MB/4.7 GB  1.8 MB/s  41m10s[K[?25h[?2026l[?2026h[?25l[A[1Gpulling manifest [K
pulling 60e05f210007:   8% ▕█                 ▏ 358 MB/4.7 GB  1.8 MB/s  41m10s[K[?25h[?2026l[?2026h[?25l[A[1Gpulling manifest [K
pulling 60e05f210007:   8% ▕█                 ▏ 358 MB/4.7 GB  1.8 MB/s  41m10s[K[?25h[?2026l[?2026h[?25l[A[1Gpulling manifest [K
pulling 60e05f210007:   8% ▕█                 ▏ 358 MB/4.7 GB  1.8 MB/s  41m10s[K[?25h[?2026l[?2026h[?25l[A[1Gpulling manifest [K
pulling 60e05f210007:   8% ▕█                 ▏ 359 MB/4.7 GB  1.8 MB/s   41m9s[K[?25h[?2026l[?2026h[?25l[A[1Gpulling manifest [K
pulling 60e05f210007:   8% ▕█                 ▏ 359 MB/4.7 GB  1.8 MB/s   41m9s[K[?25h[?2026l[?2026h[?25l[A[1Gpulling manifest [K
pulling 60e05f210007:   8% ▕█                 ▏ 359 MB/4.7 GB  1.8 MB/s   41m9s[K[?25h[?2026l[?2026h[?25l[A[1Gpulling manifest [K
pulling 60e05f210007:   8% ▕█                 ▏ 359 MB/4.7 GB  1.8 MB/s   41m9s[K[?25h[?2026l[?2026h[?25l[A[1Gpulling manifest [K
pulling 60e05f210007:   8% ▕█                 ▏ 359 MB/4.7 GB  1.8 MB/s   41m9s[K[?25h[?2026l[?2026h[?25l[A[1Gpulling manifest [K
pulling 60e05f210007:   8% ▕█                 ▏ 359 MB/4.7 GB  1.8 MB/s   41m7s[K[?25h[?2026l[?2026h[?25l[A[1Gpulling manifest [K
pulling 60e05f210007:   8% ▕█                 ▏ 360 MB/4.7 GB  1.8 MB/s   41m7s[K[?25h[?2026l[?2026h[?25l[A[1Gpulling manifest [K
pulling 60e05f210007:   8% ▕█                 ▏ 360 MB/4.7 GB  1.8 MB/s   41m7s[K[?25h[?2026l[?2026h[?25l[A[1Gpulling manifest [K
pulling 60e05f210007:   8% ▕█                 ▏ 360 MB/4.7 GB  1.8 MB/s   41m7s[K[?25h[?2026l[?2026h[?25l[A[1Gpulling manifest [K
pulling 60e05f210007:   8% ▕█                 ▏ 360 MB/4.7 GB  1.8 MB/s   41m7s[K[?25h[?2026l[?2026h[?25l[A[1Gpulling manifest [K
pulling 60e05f210007:   8% ▕█                 ▏ 360 MB/4.7 GB  1.8 MB/s   41m7s[K[?25h[?2026l[?2026h[?25l[A[1Gpulling manifest [K
pulling 60e05f210007:   8% ▕█                 ▏ 360 MB/4.7 GB  1.8 MB/s   41m7s[K[?25h[?2026l[?2026h[?25l[A[1Gpulling manifest [K
pulling 60e05f210007:   8% ▕█                 ▏ 361 MB/4.7 GB  1.8 MB/s   41m7s[K[?25h[?2026l[?2026h[?25l[A[1Gpulling manifest [K
pulling 60e05f210007:   8% ▕█                 ▏ 361 MB/4.7 GB  1.8 MB/s   41m7s[K[?25h[?2026l[?2026h[?25l[A[1Gpulling manifest [K
pulling 60e05f210007:   8% ▕█                 ▏ 361 MB/4.7 GB  1.8 MB/s   41m7s[K[?25h[?2026l[?2026h[?25l[A[1Gpulling manifest [K
pulling 60e05f210007:   8% ▕█                 ▏ 361 MB/4.7 GB  1.8 MB/s  40m32s[K[?25h[?2026l[?2026h[?25l[A[1Gpulling manifest [K
pulling 60e05f210007:   8% ▕█                 ▏ 361 MB/4.7 GB  1.8 MB/s  40m32s[K[?25h[?2026l[?2026h[?25l[A[1Gpulling manifest [K
pulling 60e05f210007:   8% ▕█                 ▏ 362 MB/4.7 GB  1.8 MB/s  40m32s[K[?25h[?2026l[?2026h[?25l[A[1Gpulling manifest [K
pulling 60e05f210007:   8% ▕█                 ▏ 362 MB/4.7 GB  1.8 MB/s  40m32s[K[?25h[?2026l[?2026h[?25l[A[1Gpulling manifest [K
pulling 60e05f210007:   8% ▕█                 ▏ 362 MB/4.7 GB  1.8 MB/s  40m32s[K[?25h[?2026l[?2026h[?25l[A[1Gpulling manifest [K
pulling 60e05f210007:   8% ▕█                 ▏ 362 MB/4.7 GB  1.8 MB/s  40m32s[K[?25h[?2026l[?2026h[?25l[A[1Gpulling manifest [K
pulling 60e05f210007:   8% ▕█                 ▏ 362 MB/4.7 GB  1.8 MB/s  40m32s[K[?25h[?2026l[?2026h[?25l[A[1Gpulling manifest [K
pulling 60e05f210007:   8% ▕█                 ▏ 362 MB/4.7 GB  1.8 MB/s  40m32s[K[?25h[?2026l[?2026h[?25l[A[1Gpulling manifest [K
pulling 60e05f210007:   8% ▕█                 ▏ 363 MB/4.7 GB  1.8 MB/s  40m32s[K[?25h[?2026l[?2026h[?25l[A[1Gpulling manifest [K
pulling 60e05f210007:   8% ▕█                 ▏ 363 MB/4.7 GB  1.8 MB/s  40m31s[K[?25h[?2026l[?2026h[?25l[A[1Gpulling manifest [K
pulling 60e05f210007:   8% ▕█                 ▏ 363 MB/4.7 GB  1.8 MB/s  40m31s[K[?25h[?2026l[?2026h[?25l[A[1Gpulling manifest [K
pulling 60e05f210007:   8% ▕█                 ▏ 363 MB/4.7 GB  1.8 MB/s  40m39s[K[?25h[?2026l[?2026h[?25l[A[1Gpulling manifest [K
pulling 60e05f210007:   8% ▕█                 ▏ 363 MB/4.7 GB  1.8 MB/s  40m39s[K[?25h[?2026l[?2026h[?25l[A[1Gpulling manifest [K
pulling 60e05f210007:   8% ▕█                 ▏ 363 MB/4.7 GB  1.8 MB/s  40m39s[K[?25h[?2026l[?2026h[?25l[A[1Gpulling manifest [K
pulling 60e05f210007:   8% ▕█                 ▏ 364 MB/4.7 GB  1.8 MB/s  40m39s[K[?25h[?2026l[?2026h[?25l[A[1Gpulling manifest [K
pulling 60e05f210007:   8% ▕█                 ▏ 364 MB/4.7 GB  1.8 MB/s  40m39s[K[?25h[?2026l[?2026h[?25l[A[1Gpulling manifest [K
pulling 60e05f210007:   8% ▕█                 ▏ 364 MB/4.7 GB  1.8 MB/s  40m39s[K[?25h[?2026l[?2026h[?25l[A[1Gpulling manifest [K
pulling 60e05f210007:   8% ▕█                 ▏ 364 MB/4.7 GB  1.8 MB/s  40m39s[K[?25h[?2026l[?2026h[?25l[A[1Gpulling manifest [K
pulling 60e05f210007:   8% ▕█                 ▏ 364 MB/4.7 GB  1.8 MB/s  40m39s[K[?25h[?2026l[?2026h[?25l[A[1Gpulling manifest [K
pulling 60e05f210007:   8% ▕█                 ▏ 365 MB/4.7 GB  1.8 MB/s  40m39s[K[?25h[?2026l[?2026h[?25l[A[1Gpulling manifest [K
pulling 60e05f210007:   8% ▕█                 ▏ 365 MB/4.7 GB  1.8 MB/s  40m39s[K[?25h[?2026l[?2026h[?25l[A[1Gpulling manifest [K
pulling 60e05f210007:   8% ▕█                 ▏ 365 MB/4.7 GB  1.8 MB/s  40m30s[K[?25h[?2026l[?2026h[?25l[A[1Gpulling manifest [K
pulling 60e05f210007:   8% ▕█                 ▏ 365 MB/4.7 GB  1.8 MB/s  40m30s[K[?25h[?2026l[?2026h[?25l[A[1Gpulling manifest [K
pulling 60e05f210007:   8% ▕█                 ▏ 365 MB/4.7 GB  1.8 MB/s  40m29s[K[?25h[?2026l[?2026h[?25l[A[1Gpulling manifest [K
pulling 60e05f210007:   8% ▕█                 ▏ 365 MB/4.7 GB  1.8 MB/s  40m29s[K[?25h[?2026l[?2026h[?25l[A[1Gpulling manifest [K
pulling 60e05f210007:   8% ▕█                 ▏ 366 MB/4.7 GB  1.8 MB/s  40m29s[K[?25h[?2026l[?2026h[?25l[A[1Gpulling manifest [K
pulling 60e05f210007:   8% ▕█                 ▏ 366 MB/4.7 GB  1.8 MB/s  40m29s[K[?25h[?2026l[?2026h[?25l[A[1Gpulling manifest [K
pulling 60e05f210007:   8% ▕█                 ▏ 366 MB/4.7 GB  1.8 MB/s  40m29s[K[?25h[?2026l[?2026h[?25l[A[1Gpulling manifest [K
pulling 60e05f210007:   8% ▕█                 ▏ 366 MB/4.7 GB  1.8 MB/s  40m29s[K[?25h[?2026l[?2026h[?25l[A[1Gpulling manifest [K
pulling 60e05f210007:   8% ▕█                 ▏ 366 MB/4.7 GB  1.8 MB/s  40m29s[K[?25h[?2026l[?2026h[?25l[A[1Gpulling manifest [K
pulling 60e05f210007:   8% ▕█                 ▏ 366 MB/4.7 GB  1.8 MB/s  40m29s[K[?25h[?2026l[?2026h[?25l[A[1Gpulling manifest [K
pulling 60e05f210007:   8% ▕█                 ▏ 367 MB/4.7 GB  1.8 MB/s   40m5s[K[?25h[?2026l[?2026h[?25l[A[1Gpulling manifest [K
pulling 60e05f210007:   8% ▕█                 ▏ 367 MB/4.7 GB  1.8 MB/s   40m5s[K[?25h[?2026l[?2026h[?25l[A[1Gpulling manifest [K
pulling 60e05f210007:   8% ▕█                 ▏ 367 MB/4.7 GB  1.8 MB/s   40m5s[K[?25h[?2026l[?2026h[?25l[A[1Gpulling manifest [K
pulling 60e05f210007:   8% ▕█                 ▏ 367 MB/4.7 GB  1.8 MB/s   40m5s[K[?25h[?2026l[?2026h[?25l[A[1Gpulling manifest [K
pulling 60e05f210007:   8% ▕█                 ▏ 367 MB/4.7 GB  1.8 MB/s   40m5s[K[?25h[?2026l[?2026h[?25l[A[1Gpulling manifest [K
pulling 60e05f210007:   8% ▕█                 ▏ 368 MB/4.7 GB  1.8 MB/s   40m5s[K[?25h[?2026l[?2026h[?25l[A[1Gpulling manifest [K
pulling 60e05f210007:   8% ▕█                 ▏ 368 MB/4.7 GB  1.8 MB/s   40m5s[K[?25h[?2026l[?2026h[?25l[A[1Gpulling manifest [K
pulling 60e05f210007:   8% ▕█                 ▏ 368 MB/4.7 GB  1.8 MB/s   40m5s[K[?25h[?2026l[?2026h[?25l[A[1Gpulling manifest [K
pulling 60e05f210007:   8% ▕█                 ▏ 368 MB/4.7 GB  1.8 MB/s   40m4s[K[?25h[?2026l[?2026h[?25l[A[1Gpulling manifest [K
pulling 60e05f210007:   8% ▕█                 ▏ 368 MB/4.7 GB  1.8 MB/s   40m4s[K[?25h[?2026l[?2026h[?25l[A[1Gpulling manifest [K
pulling 60e05f210007:   8% ▕█                 ▏ 368 MB/4.7 GB  1.8 MB/s  40m21s[K[?25h[?2026l[?2026h[?25l[A[1Gpulling manifest [K
pulling 60e05f210007:   8% ▕█                 ▏ 369 MB/4.7 GB  1.8 MB/s  40m21s[K[?25h[?2026l[?2026h[?25l[A[1Gpulling manifest [K
pulling 60e05f210007:   8% ▕█                 ▏ 369 MB/4.7 GB  1.8 MB/s  40m21s[K[?25h[?2026l[?2026h[?25l[A[1Gpulling manifest [K
pulling 60e05f210007:   8% ▕█                 ▏ 369 MB/4.7 GB  1.8 MB/s  40m20s[K[?25h[?2026l[?2026h[?25l[A[1Gpulling manifest [K
pulling 60e05f210007:   8% ▕█                 ▏ 369 MB/4.7 GB  1.8 MB/s  40m20s[K[?25h[?2026l[?2026h[?25l[A[1Gpulling manifest [K
pulling 60e05f210007:   8% ▕█                 ▏ 369 MB/4.7 GB  1.8 MB/s  40m20s[K[?25h[?2026l[?2026h[?25l[A[1Gpulling manifest [K
pulling 60e05f210007:   8% ▕█                 ▏ 369 MB/4.7 GB  1.8 MB/s  40m20s[K[?25h[?2026l[?2026h[?25l[A[1Gpulling manifest [K
pulling 60e05f210007:   8% ▕█                 ▏ 370 MB/4.7 GB  1.8 MB/s  40m20s[K[?25h[?2026l[?2026h[?25l[A[1Gpulling manifest [K
pulling 60e05f210007:   8% ▕█                 ▏ 370 MB/4.7 GB  1.8 MB/s  40m20s[K[?25h[?2026l[?2026h[?25l[A[1Gpulling manifest [K
pulling 60e05f210007:   8% ▕█                 ▏ 370 MB/4.7 GB  1.8 MB/s  40m20s[K[?25h[?2026l[?2026h[?25l[A[1Gpulling manifest [K
pulling 60e05f210007:   8% ▕█                 ▏ 370 MB/4.7 GB  1.8 MB/s   40m7s[K[?25h[?2026l[?2026h[?25l[A[1Gpulling manifest [K
pulling 60e05f210007:   8% ▕█                 ▏ 370 MB/4.7 GB  1.8 MB/s   40m7s[K[?25h[?2026l[?2026h[?25l[A[1Gpulling manifest [K
pulling 60e05f210007:   8% ▕█                 ▏ 370 MB/4.7 GB  1.8 MB/s   40m7s[K[?25h[?2026l[?2026h[?25l[A[1Gpulling manifest [K
pulling 60e05f210007:   8% ▕█                 ▏ 371 MB/4.7 GB  1.8 MB/s   40m7s[K[?25h[?2026l[?2026h[?25l[A[1Gpulling manifest [K
pulling 60e05f210007:   8% ▕█                 ▏ 371 MB/4.7 GB  1.8 MB/s   40m7s[K[?25h[?2026l[?2026h[?25l[A[1Gpulling manifest [K
pulling 60e05f210007:   8% ▕█                 ▏ 371 MB/4.7 GB  1.8 MB/s   40m7s[K[?25h[?2026l[?2026h[?25l[A[1Gpulling manifest [K
pulling 60e05f210007:   8% ▕█                 ▏ 371 MB/4.7 GB  1.8 MB/s   40m6s[K[?25h[?2026l[?2026h[?25l[A[1Gpulling manifest [K
pulling 60e05f210007:   8% ▕█                 ▏ 371 MB/4.7 GB  1.8 MB/s   40m6s[K[?25h[?2026l[?2026h[?25l[A[1Gpulling manifest [K
pulling 60e05f210007:   8% ▕█                 ▏ 371 MB/4.7 GB  1.8 MB/s   40m6s[K[?25h[?2026l[?2026h[?25l[A[1Gpulling manifest [K
pulling 60e05f210007:   8% ▕█                 ▏ 372 MB/4.7 GB  1.8 MB/s   40m6s[K[?25h[?2026l[?2026h[?25l[A[1Gpulling manifest [K
pulling 60e05f210007:   8% ▕█                 ▏ 372 MB/4.7 GB  1.8 MB/s   40m6s[K[?25h[?2026l[?2026h[?25l[A[1Gpulling manifest [K
pulling 60e05f210007:   8% ▕█                 ▏ 372 MB/4.7 GB  1.8 MB/s  40m16s[K[?25h[?2026l[?2026h[?25l[A[1Gpulling manifest [K
pulling 60e05f210007:   8% ▕█                 ▏ 372 MB/4.7 GB  1.8 MB/s  40m16s[K[?25h[?2026l[?2026h[?25l[A[1Gpulling manifest [K
pulling 60e05f210007:   8% ▕█                 ▏ 372 MB/4.7 GB  1.8 MB/s  40m16s[K[?25h[?2026l[?2026h[?25l[A[1Gpulling manifest [K
pulling 60e05f210007:   8% ▕█                 ▏ 373 MB/4.7 GB  1.8 MB/s  40m15s[K[?25h[?2026l[?2026h[?25l[A[1Gpulling manifest [K
pulling 60e05f210007:   8% ▕█                 ▏ 373 MB/4.7 GB  1.8 MB/s  40m15s[K[?25h[?2026l[?2026h[?25l[A[1Gpulling manifest [K
pulling 60e05f210007:   8% ▕█                 ▏ 373 MB/4.7 GB  1.8 MB/s  40m15s[K[?25h[?2026l[?2026h[?25l[A[1Gpulling manifest [K
pulling 60e05f210007:   8% ▕█                 ▏ 373 MB/4.7 GB  1.8 MB/s  40m15s[K[?25h[?2026l[?2026h[?25l[A[1Gpulling manifest [K
pulling 60e05f210007:   8% ▕█                 ▏ 373 MB/4.7 GB  1.8 MB/s  40m15s[K[?25h[?2026l[?2026h[?25l[A[1Gpulling manifest [K
pulling 60e05f210007:   8% ▕█                 ▏ 373 MB/4.7 GB  1.8 MB/s  40m15s[K[?25h[?2026l[?2026h[?25l[A[1Gpulling manifest [K
pulling 60e05f210007:   8% ▕█                 ▏ 374 MB/4.7 GB  1.8 MB/s  40m15s[K[?25h[?2026l[?2026h[?25l[A[1Gpulling manifest [K
pulling 60e05f210007:   8% ▕█                 ▏ 374 MB/4.7 GB  1.8 MB/s  40m12s[K[?25h[?2026l[?2026h[?25l[A[1Gpulling manifest [K
pulling 60e05f210007:   8% ▕█                 ▏ 374 MB/4.7 GB  1.8 MB/s  40m12s[K[?25h[?2026l[?2026h[?25l[A[1Gpulling manifest [K
pulling 60e05f210007:   8% ▕█                 ▏ 374 MB/4.7 GB  1.8 MB/s  40m12s[K[?25h[?2026l[?2026h[?25l[A[1Gpulling manifest [K
pulling 60e05f210007:   8% ▕█                 ▏ 374 MB/4.7 GB  1.8 MB/s  40m12s[K[?25h[?2026l[?2026h[?25l[A[1Gpulling manifest [K
pulling 60e05f210007:   8% ▕█                 ▏ 374 MB/4.7 GB  1.8 MB/s  40m12s[K[?25h[?2026l[?2026h[?25l[A[1Gpulling manifest [K
pulling 60e05f210007:   8% ▕█                 ▏ 375 MB/4.7 GB  1.8 MB/s  40m12s[K[?25h[?2026l[?2026h[?25l[A[1Gpulling manifest [K
pulling 60e05f210007:   8% ▕█                 ▏ 375 MB/4.7 GB  1.8 MB/s  40m12s[K[?25h[?2026l[?2026h[?25l[A[1Gpulling manifest [K
pulling 60e05f210007:   8% ▕█                 ▏ 375 MB/4.7 GB  1.8 MB/s  40m12s[K[?25h[?2026l[?2026h[?25l[A[1Gpulling manifest [K
pulling 60e05f210007:   8% ▕█                 ▏ 375 MB/4.7 GB  1.8 MB/s  40m12s[K[?25h[?2026l[?2026h[?25l[A[1Gpulling manifest [K
pulling 60e05f210007:   8% ▕█                 ▏ 375 MB/4.7 GB  1.8 MB/s  40m11s[K[?25h[?2026l[?2026h[?25l[A[1Gpulling manifest [K
pulling 60e05f210007:   8% ▕█                 ▏ 375 MB/4.7 GB  1.8 MB/s  40m20s[K[?25h[?2026l[?2026h[?25l[A[1Gpulling manifest [K
pulling 60e05f210007:   8% ▕█                 ▏ 376 MB/4.7 GB  1.8 MB/s  40m20s[K[?25h[?2026l[?2026h[?25l[A[1Gpulling manifest [K
pulling 60e05f210007:   8% ▕█                 ▏ 376 MB/4.7 GB  1.8 MB/s  40m20s[K[?25h[?2026l[?2026h[?25l[A[1Gpulling manifest [K
pulling 60e05f210007:   8% ▕█                 ▏ 376 MB/4.7 GB  1.8 MB/s  40m20s[K[?25h[?2026l[?2026h[?25l[A[1Gpulling manifest [K
pulling 60e05f210007:   8% ▕█                 ▏ 376 MB/4.7 GB  1.8 MB/s  40m19s[K[?25h[?2026l[?2026h[?25l[A[1Gpulling manifest [K
pulling 60e05f210007:   8% ▕█                 ▏ 376 MB/4.7 GB  1.8 MB/s  40m19s[K[?25h[?2026l[?2026h[?25l[A[1Gpulling manifest [K
pulling 60e05f210007:   8% ▕█                 ▏ 377 MB/4.7 GB  1.8 MB/s  40m19s[K[?25h[?2026l[?2026h[?25l[A[1Gpulling manifest [K
pulling 60e05f210007:   8% ▕█                 ▏ 377 MB/4.7 GB  1.8 MB/s  40m19s[K[?25h[?2026l[?2026h[?25l[A[1Gpulling manifest [K
pulling 60e05f210007:   8% ▕█                 ▏ 377 MB/4.7 GB  1.8 MB/s  40m19s[K[?25h[?2026l[?2026h[?25l[A[1Gpulling manifest [K
pulling 60e05f210007:   8% ▕█                 ▏ 377 MB/4.7 GB  1.8 MB/s  40m19s[K[?25h[?2026l[?2026h[?25l[A[1Gpulling manifest [K
pulling 60e05f210007:   8% ▕█                 ▏ 377 MB/4.7 GB  1.8 MB/s  40m27s[K[?25h[?2026l[?2026h[?25l[A[1Gpulling manifest [K
pulling 60e05f210007:   8% ▕█                 ▏ 377 MB/4.7 GB  1.8 MB/s  40m27s[K[?25h[?2026l[?2026h[?25l[A[1Gpulling manifest [K
pulling 60e05f210007:   8% ▕█                 ▏ 378 MB/4.7 GB  1.8 MB/s  40m27s[K[?25h[?2026l[?2026h[?25l[A[1Gpulling manifest [K
pulling 60e05f210007:   8% ▕█                 ▏ 378 MB/4.7 GB  1.8 MB/s  40m27s[K[?25h[?2026l[?2026h[?25l[A[1Gpulling manifest [K
pulling 60e05f210007:   8% ▕█                 ▏ 378 MB/4.7 GB  1.8 MB/s  40m26s[K[?25h[?2026l[?2026h[?25l[A[1Gpulling manifest [K
pulling 60e05f210007:   8% ▕█                 ▏ 378 MB/4.7 GB  1.8 MB/s  40m26s[K[?25h[?2026l[?2026h[?25l[A[1Gpulling manifest [K
pulling 60e05f210007:   8% ▕█                 ▏ 378 MB/4.7 GB  1.8 MB/s  40m26s[K[?25h[?2026l[?2026h[?25l[A[1Gpulling manifest [K
pulling 60e05f210007:   8% ▕█                 ▏ 379 MB/4.7 GB  1.8 MB/s  40m26s[K[?25h[?2026l[?2026h[?25l[A[1Gpulling manifest [K
pulling 60e05f210007:   8% ▕█                 ▏ 379 MB/4.7 GB  1.8 MB/s  40m26s[K[?25h[?2026l[?2026h[?25l[A[1Gpulling manifest [K
pulling 60e05f210007:   8% ▕█                 ▏ 379 MB/4.7 GB  1.8 MB/s  40m26s[K[?25h[?2026l[?2026h[?25l[A[1Gpulling manifest [K
pulling 60e05f210007:   8% ▕█                 ▏ 379 MB/4.7 GB  1.8 MB/s   40m9s[K[?25h[?2026l[?2026h[?25l[A[1Gpulling manifest [K
pulling 60e05f210007:   8% ▕█                 ▏ 379 MB/4.7 GB  1.8 MB/s   40m9s[K[?25h[?2026l[?2026h[?25l[A[1Gpulling manifest [K
pulling 60e05f210007:   8% ▕█                 ▏ 379 MB/4.7 GB  1.8 MB/s   40m9s[K[?25h[?2026l[?2026h[?25l[A[1Gpulling manifest [K
pulling 60e05f210007:   8% ▕█                 ▏ 380 MB/4.7 GB  1.8 MB/s   40m9s[K[?25h[?2026l[?2026h[?25l[A[1Gpulling manifest [K
pulling 60e05f210007:   8% ▕█                 ▏ 380 MB/4.7 GB  1.8 MB/s   40m9s[K[?25h[?2026l[?2026h[?25l[A[1Gpulling manifest [K
pulling 60e05f210007:   8% ▕█                 ▏ 380 MB/4.7 GB  1.8 MB/s   40m9s[K[?25h[?2026l[?2026h[?25l[A[1Gpulling manifest [K
pulling 60e05f210007:   8% ▕█                 ▏ 380 MB/4.7 GB  1.8 MB/s   40m9s[K[?25h[?2026l[?2026h[?25l[A[1Gpulling manifest [K
pulling 60e05f210007:   8% ▕█                 ▏ 380 MB/4.7 GB  1.8 MB/s   40m9s[K[?25h[?2026l[?2026h[?25l[A[1Gpulling manifest [K
pulling 60e05f210007:   8% ▕█                 ▏ 380 MB/4.7 GB  1.8 MB/s   40m8s[K[?25h[?2026l[?2026h[?25l[A[1Gpulling manifest [K
pulling 60e05f210007:   8% ▕█                 ▏ 381 MB/4.7 GB  1.8 MB/s   40m8s[K[?25h[?2026l[?2026h[?25l[A[1Gpulling manifest [K
pulling 60e05f210007:   8% ▕█                 ▏ 381 MB/4.7 GB  1.8 MB/s   40m8s[K[?25h[?2026l[?2026h[?25l[A[1Gpulling manifest [K
pulling 60e05f210007:   8% ▕█                 ▏ 381 MB/4.7 GB  1.8 MB/s   40m6s[K[?25h[?2026l[?2026h[?25l[A[1Gpulling manifest [K
pulling 60e05f210007:   8% ▕█                 ▏ 381 MB/4.7 GB  1.8 MB/s   40m6s[K[?25h[?2026l[?2026h[?25l[A[1Gpulling manifest [K
pulling 60e05f210007:   8% ▕█                 ▏ 381 MB/4.7 GB  1.8 MB/s   40m5s[K[?25h[?2026l[?2026h[?25l[A[1Gpulling manifest [K
pulling 60e05f210007:   8% ▕█                 ▏ 381 MB/4.7 GB  1.8 MB/s   40m5s[K[?25h[?2026l[?2026h[?25l[A[1Gpulling manifest [K
pulling 60e05f210007:   8% ▕█                 ▏ 382 MB/4.7 GB  1.8 MB/s   40m5s[K[?25h[?2026l[?2026h[?25l[A[1Gpulling manifest [K
pulling 60e05f210007:   8% ▕█                 ▏ 382 MB/4.7 GB  1.8 MB/s   40m5s[K[?25h[?2026l[?2026h[?25l[A[1Gpulling manifest [K
pulling 60e05f210007:   8% ▕█                 ▏ 382 MB/4.7 GB  1.8 MB/s   40m5s[K[?25h[?2026l[?2026h[?25l[A[1Gpulling manifest [K
pulling 60e05f210007:   8% ▕█                 ▏ 382 MB/4.7 GB  1.8 MB/s   40m5s[K[?25h[?2026l[?2026h[?25l[A[1Gpulling manifest [K
pulling 60e05f210007:   8% ▕█                 ▏ 382 MB/4.7 GB  1.8 MB/s   40m5s[K[?25h[?2026l[?2026h[?25l[A[1Gpulling manifest [K
pulling 60e05f210007:   8% ▕█                 ▏ 383 MB/4.7 GB  1.8 MB/s   40m5s[K[?25h[?2026l[?2026h[?25l[A[1Gpulling manifest [K
pulling 60e05f210007:   8% ▕█                 ▏ 383 MB/4.7 GB  1.8 MB/s  40m21s[K[?25h[?2026l[?2026h[?25l[A[1Gpulling manifest [K
pulling 60e05f210007:   8% ▕█                 ▏ 383 MB/4.7 GB  1.8 MB/s  40m21s[K[?25h[?2026l[?2026h[?25l[A[1Gpulling manifest [K
pulling 60e05f210007:   8% ▕█                 ▏ 383 MB/4.7 GB  1.8 MB/s  40m21s[K[?25h[?2026l[?2026h[?25l[A[1Gpulling manifest [K
pulling 60e05f210007:   8% ▕█                 ▏ 383 MB/4.7 GB  1.8 MB/s  40m21s[K[?25h[?2026l[?2026h[?25l[A[1Gpulling manifest [K
pulling 60e05f210007:   8% ▕█                 ▏ 383 MB/4.7 GB  1.8 MB/s  40m21s[K[?25h[?2026l[?2026h[?25l[A[1Gpulling manifest [K
pulling 60e05f210007:   8% ▕█                 ▏ 384 MB/4.7 GB  1.8 MB/s  40m21s[K[?25h[?2026l[?2026h[?25l[A[1Gpulling manifest [K
pulling 60e05f210007:   8% ▕█                 ▏ 384 MB/4.7 GB  1.8 MB/s  40m21s[K[?25h[?2026l[?2026h[?25l[A[1Gpulling manifest [K
pulling 60e05f210007:   8% ▕█                 ▏ 384 MB/4.7 GB  1.8 MB/s  40m21s[K[?25h[?2026l[?2026h[?25l[A[1Gpulling manifest [K
pulling 60e05f210007:   8% ▕█                 ▏ 384 MB/4.7 GB  1.8 MB/s  40m21s[K[?25h[?2026l